Workbook

Sheet Overview
A1: FitMatch size-chart data (v8) — brands, sources and status
A2: Every number in 'All measurements' traces back to a brand's published size guide or to a stated formula. Generated from data/size_charts.json.
A4: Assumptions
A5: Zara ease subtracted (cm) | B5: 12 | C5: FitMatch's true-fit garment chest ease (6 cm flat) × 2. Body chest ≈ flat chest × 2 − this.
A6: Inches to cm | B6: 2.54 | C6: Used where a chart was published in inches (Lulu & Sky).
A8: Summary
A9: Status | B9: Women's charts | C9: Men's charts | D9: Total | E9: Meaning
A10: Sourced | B10: =COUNTIFS(D$17:D$60,"Women",C$17:C$60,A10) -> 12 | C10: =COUNTIFS(D$17:D$60,"Men",C$17:C$60,A10) -> 11 | D10: =B10+C10 -> 23 | E10: From a published size guide (the brand's own, or Levi's via retailer copies of its US chart)
A11: Approximate | B11: =COUNTIFS(D$17:D$60,"Women",C$17:C$60,A11) -> 1 | C11: =COUNTIFS(D$17:D$60,"Men",C$17:C$60,A11) -> 1 | D11: =B11+C11 -> 2 | E11: Converted from one product's garment chart; confidence capped at medium in the app
A12: Unverified | B12: =COUNTIFS(D$17:D$60,"Women",C$17:C$60,A12) -> 1 | C12: =COUNTIFS(D$17:D$60,"Men",C$17:C$60,A12) -> 0 | D12: =B12+C12 -> 1 | E12: From a third-party site that can't be checked against the brand
A13: Placeholder | B13: =COUNTIFS(D$17:D$60,"Women",C$17:C$60,A13) -> 0 | C13: =COUNTIFS(D$17:D$60,"Men",C$17:C$60,A13) -> 1 | D13: =B13+C13 -> 1 | E13: Invented: average of the real men's charts; labelled in the app
A14: Total | B14: =SUM(B10:B13) -> 14 | C14: =SUM(C10:C13) -> 13 | D14: =SUM(D10:D13) -> 27
A15: Brands
A16: Brand | B16: Sizes | C16: Status | D16: Gender | E16: Measurements used | F16: Stored rows | G16: Source (from the data file)
A17: Adidas | B17: XXS–4XL | C17: Sourced | D17: Women | E17: bust, waist, hip | F17: =COUNTIFS('All measurements'!A$5:A$418,D17,'All measurements'!B$5:B$418,A17) -> 27 | G17: adidas size-guide popup (women's tops, standard sizes; screenshot supplied by the user): bust, waist and hip in cm ranges, stored as range midpoints. Standard sizes only (no Tall/Petite/Plus). Size labels 2XS..2XL stored as XXS..XXL. Plus sizes: adidas 'Plus size' table 3X and 4X stored as 3XL and 4XL (1X and 2X not stored: they overlap standard XL/XXL).
A18: H&M | B18: XXS–4XL | C18: Sourced | D18: Women | E18: bust, waist, hip | F18: =COUNTIFS('All measurements'!A$5:A$418,D18,'All measurements'!B$5:B$418,A18) -> 27 | G18: H&M size-guide popup, women's Regular tab (chest / waist / low hip, cm ranges; screenshot supplied by the user). Stored as range midpoints. 'Low hip' stored as hip, which is an approximation. Maternity tab not used. The page advises going down a size for its oversized tee.
A19: Levi's | B19: XXS–3XL | C19: Sourced | D19: Women | E19: bust, waist, hip | F19: =COUNTIFS('All measurements'!A$5:A$418,D19,'All measurements'!B$5:B$418,A19) -> 24 | G19: Levi's US women's tops & outerwear chart as reproduced by retailers (hibbett.com, scheels.com); inches converted to cm. Not taken from levi.com directly. The two retailers disagree on size L waist/hip (scheels shows the M values); hibbett's internally consistent values are used. Not yet checked against Levi's India. Plus: the 3X row stored as 3XL (1X and 2X not stored: they overlap standard XL/XXL). No 4X on this chart.
A20: Lulu & Sky | B20: S–XL | C20: Sourced | D20: Women | E20: bust, waist | F20: =COUNTIFS('All measurements'!A$5:A$418,D20,'All measurements'!B$5:B$418,A20) -> 8 | G20: Lulu & Sky size guide labelled 'Body Measurement (inches)' (screenshot supplied by the user); converted to cm. Two quirks: S to M steps only 1 inch (others 2-3), and its 'length' column (12-13 in) is a garment measurement, probably of a crop top, so it is not used. A second Lulu & Sky chart (M-2XL, with sleeve and hem width) is a per-product garment chart and is not used.
A21: Marks & Spencer | B21: XS–XXL | C21: Sourced | D21: Women | E21: bust, waist | F21: =COUNTIFS('All measurements'!A$5:A$418,D21,'All measurements'!B$5:B$418,A21) -> 12 | G21: M&S India women's Tops size guide (UK sizes 6-30, body bust and waist in cm; screenshot supplied by the user). Converted to letters with M&S's own dual-size row (XS=6, S=8-10, M=12-14, L=16-18, XL=20-22, XXL=24-26) by averaging each pair. The dual-size row is stated to be for jerseys and knitted dresses. XXXL (28-30) NOT stored: the published bust row lists 132 for both 26 and 28, while every other step (and the waist row) rises by 6, so the top of the bust row looks shifted. No hip on this chart.
A22: Max | B22: XS–4XL | C22: Sourced | D22: Women | E22: bust, waist | F22: =COUNTIFS('All measurements'!A$5:A$418,D22,'All measurements'!B$5:B$418,A22) -> 16 | G22: Max (maxfashion.in) women's chart from the Metallic printed product, 'Above size chart is for body measurements' (cm; screenshot supplied by the user). 5XL and 6XL are published but not stored (beyond 4XL). The step from XXL to 3XL is uneven (bust +8, waist +14, shoulder actually drops), which looks like a separate plus-size block. A second Max product (URB_N oversized) shows the same numbers shifted one size smaller; the main Max label was chosen. Chest column stored as bust; shoulder not used.
A23: Nike | B23: XS–XXL | C23: Sourced | D23: Women | E23: bust, waist, hip | F23: =COUNTIFS('All measurements'!A$5:A$418,D23,'All measurements'!B$5:B$418,A23) -> 18 | G23: nike.in size guide, 'body measurements this product fits' (screenshots supplied by the user). Identical on the Sportswear Slim Mod-Cropped tee and the Sportswear regular tee, so treated as Nike's women's chart. Stored as range midpoints; '2XL' stored as XXL. The Jordan oversized tee shows a different, wider chart (Jordan label) and is not used.
A24: Pantaloons | B24: XS–XXL | C24: Sourced | D24: Women | E24: bust, waist, hip | F24: =COUNTIFS('All measurements'!A$5:A$418,D24,'All measurements'!B$5:B$418,A24) -> 18 | G24: Pantaloons size-chart popups, 'All measurements are body measurements' (cm; screenshots supplied by the user). Identical on the Annabelle top and the SF Jeans oversized tee; the user checked other products and found the same chart. Single values (inch sizes converted), not ranges. Shoulder is published but not used. '2XL' stored as XXL.
A25: Red Tape | B25: XS–XL | C25: Sourced | D25: Women | E25: bust | F25: =COUNTIFS('All measurements'!A$5:A$418,D25,'All measurements'!B$5:B$418,A25) -> 5 | G25: Red Tape size-chart popup on a women's tee (screenshot supplied by the user). The 'Standard Size' column (32-40 in) is read as body bust; the page does not say so, but the user confirmed the column is the same across products. Garment columns (chest all round, shoulder, length) not used.
A26: The Souled Store | B26: XXS–XXL | C26: Sourced | D26: Women | E26: bust | F26: =COUNTIFS('All measurements'!A$5:A$418,D26,'All measurements'!B$5:B$418,A26) -> 7 | G26: The Souled Store size charts, 'To fit your bust size' column (cm; screenshots supplied by the user). The column is identical on the women's fitted, oversized and polo charts, so it is treated as the brand's body chart. Single values, not ranges; the page doesn't say whether each is a midpoint or a lower bound. Garment columns not used here.
A27: Uniqlo | B27: S–3XL | C27: Sourced | D27: Women | E27: bust, waist, hip | F27: =COUNTIFS('All measurements'!A$5:A$418,D27,'All measurements'!B$5:B$418,A27) -> 18 | G27: Uniqlo India body-size chart for the basic tee line (bust / waist / hip, cm ranges; screenshot supplied by the user). Stored as range midpoints. Uniqlo's body chart differs by product line: the UNIQLO:C long-sleeve line runs about 6 cm larger in bust (S 83-89), so this is one line's chart, not the only one.
A28: Westside | B28: XXS–XXL | C28: Sourced | D28: Women | E28: bust, waist, hip | F28: =COUNTIFS('All measurements'!A$5:A$418,D28,'All measurements'!B$5:B$418,A28) -> 21 | G28: Westside size-guide popup on a women's product page (INDIA row, body measurements in cm; screenshot supplied by the user). Replaces numbers stored earlier from a different Westside page, which were bust +1, waist +3 (XS and up), hip +2 higher and had no XXL. Which page is current is not known; this popup is what a shopper sees at the size selector.
... A43: Zudio | B43: XS–3XL | C43: Placeholder | D43: Men | E43: chest, waist, hip | F43: =COUNTIFS('All measurements'!A$5:A$418,D43,'All measurements'!B$5:B$418,A43) -> 21 | G43: PLACEHOLDER — no men's chart sourced for this brand (Zudio's site was down; a Google AI summary was found but not used, because its numbers can't be traced to Zudio and contradict themselves). Numbers are, per measurement, the average of every real men's chart in this file that publishes it at every size XS-3XL: chest Adidas, H&M, Levi's, Marks & Spencer, Nike, The Souled Store, Westside; waist Adidas, H&M, Levi's, Nike, Westside; hip Adidas, Levi's, Nike, Westside. Replace with the brand's own chart when sourced.
A45: Removed in v8: Roadster and HRX (no real chart; not kept as invented numbers).

Sheet All measurements
A1: Every stored measurement, with the published value it came from
A2: Blue = transcribed from a size-guide screenshot. Black = formula. 'Recorded earlier' = stored in a previous version; the raw published values weren't re-transcribed for this sheet, so the stored value is entered directly.
A4: Gender | B4: Brand | C4: Size | D4: Measurement | E4: Published low | F4: Published high | G4: Published single value | H4: Published unit | I4: How stored | J4: Stored value (cm) | K4: Status
A5: Women | B5: Adidas | C5: XXS | D5: bust | H5: cm | I5: recorded earlier | J5: 74.5 | K5: Sourced
A6: Women | B6: Adidas | C6: XXS | D6: waist | H6: cm | I6: recorded earlier | J6: 58.5 | K6: Sourced
A7: Women | B7: Adidas | C7: XXS | D7: hip | H7: cm | I7: recorded earlier | J7: 83.5 | K7: Sourced
A8: Women | B8: Adidas | C8: XS | D8: bust | H8: cm | I8: recorded earlier | J8: 79.5 | K8: Sourced
A9: Women | B9: Adidas | C9: XS | D9: waist | H9: cm | I9: recorded earlier | J9: 63.5 | K9: Sourced
A10: Women | B10: Adidas | C10: XS | D10: hip | H10: cm | I10: recorded earlier | J10: 88.5 | K10: Sourced
A11: Women | B11: Adidas | C11: S | D11: bust | H11: cm | I11: recorded earlier | J11: 85.5 | K11: Sourced
A12: Women | B12: Adidas | C12: S | D12: waist | H12: cm | I12: recorded earlier | J12: 69.5 | K12: Sourced
A13: Women | B13: Adidas | C13: S | D13: hip | H13: cm | I13: recorded earlier | J13: 94.5 | K13: Sourced
A14: Women | B14: Adidas | C14: M | D14: bust | H14: cm | I14: recorded earlier | J14: 91.5 | K14: Sourced
A15: Women | B15: Adidas | C15: M | D15: waist | H15: cm | I15: recorded earlier | J15: 75.5 | K15: Sourced
A16: Women | B16: Adidas | C16: M | D16: hip | H16: cm | I16: recorded earlier | J16: 100.5 | K16: Sourced
... A31: Women | B31: Adidas | C31: 4XL | D31: hip | H31: cm | I31: recorded earlier | J31: 145.5 | K31: Sourced
A32: Women | B32: H&M | C32: XXS | D32: bust | E32: 74 | F32: 78 | H32: cm | I32: midpoint of range | J32: =(E32+F32)/2 -> 76 | K32: Sourced
A33: Women | B33: H&M | C33: XXS | D33: waist | E33: 62 | F33: 64 | H33: cm | I33: midpoint of range | J33: =(E33+F33)/2 -> 63 | K33: Sourced
A34: Women | B34: H&M | C34: XXS | D34: hip | E34: 79 | F34: 83 | H34: cm | I34: midpoint of range | J34: =(E34+F34)/2 -> 81 | K34: Sourced
A35: Women | B35: H&M | C35: XS | D35: bust | E35: 78 | F35: 82 | H35: cm | I35: midpoint of range | J35: =(E35+F35)/2 -> 80 | K35: Sourced
A36: Women | B36: H&M | C36: XS | D36: waist | E36: 64 | F36: 66 | H36: cm | I36: midpoint of range | J36: =(E36+F36)/2 -> 65 | K36: Sourced
A37: Women | B37: H&M | C37: XS | D37: hip | E37: 83 | F37: 87 | H37: cm | I37: midpoint of range | J37: =(E37+F37)/2 -> 85 | K37: Sourced
A38: Women | B38: H&M | C38: S | D38: bust | E38: 82 | F38: 90 | H38: cm | I38: midpoint of range | J38: =(E38+F38)/2 -> 86 | K38: Sourced
A39: Women | B39: H&M | C39: S | D39: waist | E39: 66 | F39: 74 | H39: cm | I39: midpoint of range | J39: =(E39+F39)/2 -> 70 | K39: Sourced
A40: Women | B40: H&M | C40: S | D40: hip | E40: 87 | F40: 94.5 | H40: cm | I40: midpoint of range | J40: =(E40+F40)/2 -> 90.75 | K40: Sourced
A41: Women | B41: H&M | C41: M | D41: bust | E41: 90 | F41: 98 | H41: cm | I41: midpoint of range | J41: =(E41+F41)/2 -> 94 | K41: Sourced
A42: Women | B42: H&M | C42: M | D42: waist | E42: 74 | F42: 82.5 | H42: cm | I42: midpoint of range | J42: =(E42+F42)/2 -> 78.25 | K42: Sourced
A43: Women | B43: H&M | C43: M | D43: hip | E43: 94.5 | F43: 100.5 | H43: cm | I43: midpoint of range | J43: =(E43+F43)/2 -> 97.5 | K43: Sourced
... A58: Women | B58: H&M | C58: 4XL | D58: hip | E58: 140 | F58: 152 | H58: cm | I58: midpoint of range | J58: =(E58+F58)/2 -> 146 | K58: Sourced
A59: Women | B59: Levi's | C59: XXS | D59: bust | H59: cm | I59: recorded earlier | J59: 78.7 | K59: Sourced
A60: Women | B60: Levi's | C60: XXS | D60: waist | H60: cm | I60: recorded earlier | J60: 61.6 | K60: Sourced
A61: Women | B61: Levi's | C61: XXS | D61: hip | H61: cm | I61: recorded earlier | J61: 86.4 | K61: Sourced
A62: Women | B62: Levi's | C62: XS | D62: bust | H62: cm | I62: recorded earlier | J62: 83.8 | K62: Sourced
A63: Women | B63: Levi's | C63: XS | D63: waist | H63: cm | I63: recorded earlier | J63: 66.7 | K63: Sourced
A64: Women | B64: Levi's | C64: XS | D64: hip | H64: cm | I64: recorded earlier | J64: 91.4 | K64: Sourced
A65: Women | B65: Levi's | C65: S | D65: bust | H65: cm | I65: recorded earlier | J65: 88.9 | K65: Sourced
A66: Women | B66: Levi's | C66: S | D66: waist | H66: cm | I66: recorded earlier | J66: 71.8 | K66: Sourced
A67: Women | B67: Levi's | C67: S | D67: hip | H67: cm | I67: recorded earlier | J67: 96.5 | K67: Sourced
A68: Women | B68: Levi's | C68: M | D68: bust | H68: cm | I68: recorded earlier | J68: 94 | K68: Sourced
A69: Women | B69: Levi's | C69: M | D69: waist | H69: cm | I69: recorded earlier | J69: 76.8 | K69: Sourced
A70: Women | B70: Levi's | C70: M | D70: hip | H70: cm | I70: recorded earlier | J70: 101.6 | K70: Sourced
... A82: Women | B82: Levi's | C82: 3XL | D82: hip | H82: cm | I82: recorded earlier | J82: 138.1 | K82: Sourced
A83: Women | B83: Lulu & Sky | C83: S | D83: bust | G83: 31 | H83: in | I83: inches × 2.54 | J83: =G83*Overview!$B$6 -> 78.74 | K83: Sourced
A84: Women | B84: Lulu & Sky | C84: S | D84: waist | G84: 26 | H84: in | I84: inches × 2.54 | J84: =G84*Overview!$B$6 -> 66.04 | K84: Sourced
A85: Women | B85: Lulu & Sky | C85: M | D85: bust | G85: 32 | H85: in | I85: inches × 2.54 | J85: =G85*Overview!$B$6 -> 81.28 | K85: Sourced
A86: Women | B86: Lulu & Sky | C86: M | D86: waist | G86: 27 | H86: in | I86: inches × 2.54 | J86: =G86*Overview!$B$6 -> 68.58 | K86: Sourced
A87: Women | B87: Lulu & Sky | C87: L | D87: bust | G87: 35 | H87: in | I87: inches × 2.54 | J87: =G87*Overview!$B$6 -> 88.9 | K87: Sourced
A88: Women | B88: Lulu & Sky | C88: L | D88: waist | G88: 30 | H88: in | I88: inches × 2.54 | J88: =G88*Overview!$B$6 -> 76.2 | K88: Sourced
A89: Women | B89: Lulu & Sky | C89: XL | D89: bust | G89: 37 | H89: in | I89: inches × 2.54 | J89: =G89*Overview!$B$6 -> 93.98 | K89: Sourced
A90: Women | B90: Lulu & Sky | C90: XL | D90: waist | G90: 32 | H90: in | I90: inches × 2.54 | J90: =G90*Overview!$B$6 -> 81.28 | K90: Sourced
A91: Women | B91: Marks & Spencer | C91: XS | D91: bust | G91: 78 | H91: cm (UK 6) | I91: as published | J91: =G91 -> 78 | K91: Sourced
A92: Women | B92: Marks & Spencer | C92: XS | D92: waist | G92: 61 | H92: cm (UK 6) | I92: as published | J92: =G92 -> 61 | K92: Sourced
A93: Women | B93: Marks & Spencer | C93: S | D93: bust | E93: 82 | F93: 87 | H93: cm (UK 8 / UK 10) | I93: average of two UK sizes | J93: =(E93+F93)/2 -> 84.5 | K93: Sourced
A94: Women | B94: Marks & Spencer | C94: S | D94: waist | E94: 65 | F94: 70 | H94: cm (UK 8 / UK 10) | I94: average of two UK sizes | J94: =(E94+F94)/2 -> 67.5 | K94: Sourced
A95: Women | B95: Marks & Spencer | C95: M | D95: bust | E95: 92 | F95: 97 | H95: cm (UK 12 / UK 14) | I95: average of two UK sizes | J95: =(E95+F95)/2 -> 94.5 | K95: Sourced
A96: Women | B96: Marks & Spencer | C96: M | D96: waist | E96: 75 | F96: 80.5 | H96: cm (UK 12 / UK 14) | I96: average of two UK sizes | J96: =(E96+F96)/2 -> 77.75 | K96: Sourced
A97: Women | B97: Marks & Spencer | C97: L | D97: bust | E97: 102.5 | F97: 108 | H97: cm (UK 16 / UK 18) | I97: average of two UK sizes | J97: =(E97+F97)/2 -> 105.25 | K97: Sourced
A98: Women | B98: Marks & Spencer | C98: L | D98: waist | E98: 86 | F98: 92 | H98: cm (UK 16 / UK 18) | I98: average of two UK sizes | J98: =(E98+F98)/2 -> 89 | K98: Sourced
A99: Women | B99: Marks & Spencer | C99: XL | D99: bust | E99: 114 | F99: 120 | H99: cm (UK 20 / UK 22) | I99: average of two UK sizes | J99: =(E99+F99)/2 -> 117 | K99: Sourced
A100: Women | B100: Marks & Spencer | C100: XL | D100: waist | E100: 98 | F100: 104 | H100: cm (UK 20 / UK 22) | I100: average of two UK sizes | J100: =(E100+F100)/2 -> 101 | K100: Sourced
A101: Women | B101: Marks & Spencer | C101: XXL | D101: bust | E101: 126 | F101: 132 | H101: cm (UK 24 / UK 26) | I101: average of two UK sizes | J101: =(E101+F101)/2 -> 129 | K101: Sourced
A102: Women | B102: Marks & Spencer | C102: XXL | D102: waist | E102: 110 | F102: 116 | H102: cm (UK 24 / UK 26) | I102: average of two UK sizes | J102: =(E102+F102)/2 -> 113 | K102: Sourced
A103: Women | B103: Max | C103: XS | D103: bust | G103: 81.3 | H103: cm | I103: as published | J103: =G103 -> 81.3 | K103: Sourced
A104: Women | B104: Max | C104: XS | D104: waist | G104: 63.5 | H104: cm | I104: as published | J104: =G104 -> 63.5 | K104: Sourced
A105: Women | B105: Max | C105: S | D105: bust | G105: 86.4 | H105: cm | I105: as published | J105: =G105 -> 86.4 | K105: Sourced
A106: Women | B106: Max | C106: S | D106: waist | G106: 68.6 | H106: cm | I106: as published | J106: =G106 -> 68.6 | K106: Sourced
A107: Women | B107: Max | C107: M | D107: bust | G107: 91.4 | H107: cm | I107: as published | J107: =G107 -> 91.4 | K107: Sourced
A108: Women | B108: Max | C108: M | D108: waist | G108: 73.7 | H108: cm | I108: as published | J108: =G108 -> 73.7 | K108: Sourced
A109: Women | B109: Max | C109: L | D109: bust | G109: 96.5 | H109: cm | I109: as published | J109: =G109 -> 96.5 | K109: Sourced
A110: Women | B110: Max | C110: L | D110: waist | G110: 78.7 | H110: cm | I110: as published | J110: =G110 -> 78.7 | K110: Sourced
A111: Women | B111: Max | C111: XL | D111: bust | G111: 102 | H111: cm | I111: as published | J111: =G111 -> 102 | K111: Sourced
A112: Women | B112: Max | C112: XL | D112: waist | G112: 83.8 | H112: cm | I112: as published | J112: =G112 -> 83.8 | K112: Sourced
A113: Women | B113: Max | C113: XXL | D113: bust | G113: 107 | H113: cm | I113: as published | J113: =G113 -> 107 | K113: Sourced
A114: Women | B114: Max | C114: XXL | D114: waist | G114: 88.9 | H114: cm | I114: as published | J114: =G114 -> 88.9 | K114: Sourced
... A118: Women | B118: Max | C118: 4XL | D118: waist | G118: 109 | H118: cm | I118: as published | J118: =G118 -> 109 | K118: Sourced
A119: Women | B119: Nike | C119: XS | D119: bust | E119: 76.2 | F119: 81.3 | H119: cm | I119: midpoint of range | J119: =(E119+F119)/2 -> 78.75 | K119: Sourced
A120: Women | B120: Nike | C120: XS | D120: waist | E120: 66 | F120: 68.6 | H120: cm | I120: midpoint of range | J120: =(E120+F120)/2 -> 67.3 | K120: Sourced
A121: Women | B121: Nike | C121: XS | D121: hip | E121: 86.4 | F121: 88.9 | H121: cm | I121: midpoint of range | J121: =(E121+F121)/2 -> 87.65 | K121: Sourced
A122: Women | B122: Nike | C122: S | D122: bust | E122: 81.3 | F122: 85.1 | H122: cm | I122: midpoint of range | J122: =(E122+F122)/2 -> 83.2 | K122: Sourced
A123: Women | B123: Nike | C123: S | D123: waist | E123: 68.6 | F123: 71.1 | H123: cm | I123: midpoint of range | J123: =(E123+F123)/2 -> 69.85 | K123: Sourced
A124: Women | B124: Nike | C124: S | D124: hip | E124: 88.9 | F124: 92.7 | H124: cm | I124: midpoint of range | J124: =(E124+F124)/2 -> 90.8 | K124: Sourced
A125: Women | B125: Nike | C125: M | D125: bust | E125: 85.1 | F125: 88.9 | H125: cm | I125: midpoint of range | J125: =(E125+F125)/2 -> 87 | K125: Sourced
A126: Women | B126: Nike | C126: M | D126: waist | E126: 71.1 | F126: 74.9 | H126: cm | I126: midpoint of range | J126: =(E126+F126)/2 -> 73 | K126: Sourced
A127: Women | B127: Nike | C127: M | D127: hip | E127: 92.7 | F127: 96.5 | H127: cm | I127: midpoint of range | J127: =(E127+F127)/2 -> 94.6 | K127: Sourced
A128: Women | B128: Nike | C128: L | D128: bust | E128: 88.9 | F128: 95.2 | H128: cm | I128: midpoint of range | J128: =(E128+F128)/2 -> 92.05 | K128: Sourced
A129: Women | B129: Nike | C129: L | D129: waist | E129: 74.9 | F129: 80 | H129: cm | I129: midpoint of range | J129: =(E129+F129)/2 -> 77.45 | K129: Sourced
A130: Women | B130: Nike | C130: L | D130: hip | E130: 96.5 | F130: 101.6 | H130: cm | I130: midpoint of range | J130: =(E130+F130)/2 -> 99.05 | K130: Sourced
... A136: Women | B136: Nike | C136: XXL | D136: hip | E136: 106.7 | F136: 111.8 | H136: cm | I136: midpoint of range | J136: =(E136+F136)/2 -> 109.25 | K136: Sourced
A137: Women | B137: Pantaloons | C137: XS | D137: bust | G137: 83.82 | H137: cm | I137: as published | J137: =G137 -> 83.82 | K137: Sourced
A138: Women | B138: Pantaloons | C138: XS | D138: waist | G138: 72.39 | H138: cm | I138: as published | J138: =G138 -> 72.39 | K138: Sourced
A139: Women | B139: Pantaloons | C139: XS | D139: hip | G139: 88.9 | H139: cm | I139: as published | J139: =G139 -> 88.9 | K139: Sourced
A140: Women | B140: Pantaloons | C140: S | D140: bust | G140: 88.9 | H140: cm | I140: as published | J140: =G140 -> 88.9 | K140: Sourced
A141: Women | B141: Pantaloons | C141: S | D141: waist | G141: 77.47 | H141: cm | I141: as published | J141: =G141 -> 77.47 | K141: Sourced
A142: Women | B142: Pantaloons | C142: S | D142: hip | G142: 93.98 | H142: cm | I142: as published | J142: =G142 -> 93.98 | K142: Sourced
A143: Women | B143: Pantaloons | C143: M | D143: bust | G143: 93.98 | H143: cm | I143: as published | J143: =G143 -> 93.98 | K143: Sourced
A144: Women | B144: Pantaloons | C144: M | D144: waist | G144: 82.55 | H144: cm | I144: as published | J144: =G144 -> 82.55 | K144: Sourced
A145: Women | B145: Pantaloons | C145: M | D145: hip | G145: 99.06 | H145: cm | I145: as published | J145: =G145 -> 99.06 | K145: Sourced
A146: Women | B146: Pantaloons | C146: L | D146: bust | G146: 99.06 | H146: cm | I146: as published | J146: =G146 -> 99.06 | K146: Sourced
A147: Women | B147: Pantaloons | C147: L | D147: waist | G147: 87.63 | H147: cm | I147: as published | J147: =G147 -> 87.63 | K147: Sourced
A148: Women | B148: Pantaloons | C148: L | D148: hip | G148: 104.14 | H148: cm | I148: as published | J148: =G148 -> 104.14 | K148: Sourced
...

Sheet Women bust grid
A1: Women's bust (cm) by brand and size — read side by side
A2: Pulled from 'All measurements' by formula. Blank = that brand doesn't make the size.
A4: Brand | B4: Status | C4: XXS | D4: XS | E4: S | F4: M | G4: L | H4: XL | I4: XXL | J4: 3XL | K4: 4XL
A5: Adidas | B5: Sourced | C5: =IF(COUNTIFS('All measurements'!$A$5:$A$418,"Women",'All measurements'!$B$5:$B$418,$A5,'All measurements'!$C$5:$C$418,C$4,'All measurements'!$D$5:$D$418,"bust")=0,"",SUMIFS('All measurements'!$J$5:$J$418,'All measurements'!$A$5:$A$418,"Women",'All measurements'!$B$5:$B$418,$A5,'All measurements'!$C$5:$C$418,C$4,'All measurements'!$D$5:$D$418,"bust")) -> 74.5 | D5: =IF(COUNTIFS('All measurements'!$A$5:$A$418,"Women",'All measurements'!$B$5:$B$418,$A5,'All measurements'!$C$5:$C$418,D$4,'All measurements'!$D$5:$D$418,"bust")=0,"",SUMIFS('All measurements'!$J$5:$J$418,'All measurements'!$A$5:$A$418,"Women",'All measurements'!$B$5:$B$418,$A5,'All measurements'!$C$5:$C$418,D$4,'All measurements'!$D$5:$D$418,"bust")) -> 79.5 | E5: =IF(COUNTIFS('All measurements'!$A$5:$A$418,"Women",'All measurements'!$B$5:$B$418,$A5,'All measurements'!$C$5:$C$418,E$4,'All measurements'!$D$5:$D$418,"bust")=0,"",SUMIFS('All measurements'!$J$5:$J$418,'All measurements'!$A$5:$A$418,"Women",'All measurements'!$B$5:$B$418,$A5,'All measurements'!$C$5:$C$418,E$4,'All measurements'!$D$5:$D$418,"bust")) -> 85.5 | F5: =IF(COUNTIFS('All measurements'!$A$5:$A$418,"Women",'All measurements'!$B$5:$B$418,$A5,'All measurements'!$C$5:$C$418,F$4,'All measurements'!$D$5:$D$418,"bust")=0,"",SUMIFS('All measurements'!$J$5:$J$418,'All measurements'!$A$5:$A$418,"Women",'All measurements'!$B$5:$B$418,$A5,'All measurements'!$C$5:$C$418,F$4,'All measurements'!$D$5:$D$418,"bust")) -> 91.5 | G5: =IF(COUNTIFS('All measurements'!$A$5:$A$418,"Women",'All measurements'!$B$5:$B$418,$A5,'All measurements'!$C$5:$C$418,G$4,'All measurements'!$D$5:$D$418,"bust")=0,"",SUMIFS('All measurements'!$J$5:$J$418,'All measurements'!$A$5:$A$418,"Women",'All measurements'!$B$5:$B$418,$A5,'All measurements'!$C$5:$C$418,G$4,'All measurements'!$D$5:$D$418,"bust")) -> 98 | H5: =IF(COUNTIFS('All measurements'!$A$5:$A$418,"Women",'All measurements'!$B$5:$B$418,$A5,'All measurements'!$C$5:$C$418,H$4,'All measurements'!$D$5:$D$418,"bust")=0,"",SUMIFS('All measurements'!$J$5:$J$418,'All measurements'!$A$5:$A$418,"Women",'All measurements'!$B$5:$B$418,$A5,'All measurements'!$C$5:$C$418,H$4,'All measurements'!$D$5:$D$418,"bust")) -> 105.5 | I5: =IF(COUNTIFS('All measurements'!$A$5:$A$418,"Women",'All measurements'!$B$5:$B$418,$A5,'All measurements'!$C$5:$C$418,I$4,'All measurements'!$D$5:$D$418,"bust")=0,"",SUMIFS('All measurements'!$J$5:$J$418,'All measurements'!$A$5:$A$418,"Women",'All measurements'!$B$5:$B$418,$A5,'All measurements'!$C$5:$C$418,I$4,'All measurements'!$D$5:$D$418,"bust")) -> 114 | J5: =IF(COUNTIFS('All measurements'!$A$5:$A$418,"Women",'All measurements'!$B$5:$B$418,$A5,'All measurements'!$C$5:$C$418,J$4,'All measurements'!$D$5:$D$418,"bust")=0,"",SUMIFS('All measurements'!$J$5:$J$418,'All measurements'!$A$5:$A$418,"Women",'All measurements'!$B$5:$B$418,$A5,'All measurements'!$C$5:$C$418,J$4,'All measurements'!$D$5:$D$418,"bust")) -> 128.5 | K5: =IF(COUNTIFS('All measurements'!$A$5:$A$418,"Women",'All measurements'!$B$5:$B$418,$A5,'All measurements'!$C$5:$C$418,K$4,'All measurements'!$D$5:$D$418,"bust")=0,"",SUMIFS('All measurements'!$J$5:$J$418,'All measurements'!$A$5:$A$418,"Women",'All measurements'!$B$5:$B$418,$A5,'All measurements'!$C$5:$C$418,K$4,'All measurements'!$D$5:$D$418,"bust")) -> 138.5
A6: H&M | B6: Sourced | C6: =IF(COUNTIFS('All measurements'!$A$5:$A$418,"Women",'All measurements'!$B$5:$B$418,$A6,'All measurements'!$C$5:$C$418,C$4,'All measurements'!$D$5:$D$418,"bust")=0,"",SUMIFS('All measurements'!$J$5:$J$418,'All measurements'!$A$5:$A$418,"Women",'All measurements'!$B$5:$B$418,$A6,'All measurements'!$C$5:$C$418,C$4,'All measurements'!$D$5:$D$418,"bust")) -> 76 | D6: =IF(COUNTIFS('All measurements'!$A$5:$A$418,"Women",'All measurements'!$B$5:$B$418,$A6,'All measurements'!$C$5:$C$418,D$4,'All measurements'!$D$5:$D$418,"bust")=0,"",SUMIFS('All measurements'!$J$5:$J$418,'All measurements'!$A$5:$A$418,"Women",'All measurements'!$B$5:$B$418,$A6,'All measurements'!$C$5:$C$418,D$4,'All measurements'!$D$5:$D$418,"bust")) -> 80 | E6: =IF(COUNTIFS('All measurements'!$A$5:$A$418,"Women",'All measurements'!$B$5:$B$418,$A6,'All measurements'!$C$5:$C$418,E$4,'All measurements'!$D$5:$D$418,"bust")=0,"",SUMIFS('All measurements'!$J$5:$J$418,'All measurements'!$A$5:$A$418,"Women",'All measurements'!$B$5:$B$418,$A6,'All measurements'!$C$5:$C$418,E$4,'All measurements'!$D$5:$D$418,"bust")) -> 86 | F6: =IF(COUNTIFS('All measurements'!$A$5:$A$418,"Women",'All measurements'!$B$5:$B$418,$A6,'All measurements'!$C$5:$C$418,F$4,'All measurements'!$D$5:$D$418,"bust")=0,"",SUMIFS('All measurements'!$J$5:$J$418,'All measurements'!$A$5:$A$418,"Women",'All measurements'!$B$5:$B$418,$A6,'All measurements'!$C$5:$C$418,F$4,'All measurements'!$D$5:$D$418,"bust")) -> 94 | G6: =IF(COUNTIFS('All measurements'!$A$5:$A$418,"Women",'All measurements'!$B$5:$B$418,$A6,'All measurements'!$C$5:$C$418,G$4,'All measurements'!$D$5:$D$418,"bust")=0,"",SUMIFS('All measurements'!$J$5:$J$418,'All measurements'!$A$5:$A$418,"Women",'All measurements'!$B$5:$B$418,$A6,'All measurements'!$C$5:$C$418,G$4,'All measurements'!$D$5:$D$418,"bust")) -> 102.5 | H6: =IF(COUNTIFS('All measurements'!$A$5:$A$418,"Women",'All measurements'!$B$5:$B$418,$A6,'All measurements'!$C$5:$C$418,H$4,'All measurements'!$D$5:$D$418,"bust")=0,"",SUMIFS('All measurements'!$J$5:$J$418,'All measurements'!$A$5:$A$418,"Women",'All measurements'!$B$5:$B$418,$A6,'All measurements'!$C$5:$C$418,H$4,'All measurements'!$D$5:$D$418,"bust")) -> 113 | I6: =IF(COUNTIFS('All measurements'!$A$5:$A$418,"Women",'All measurements'!$B$5:$B$418,$A6,'All measurements'!$C$5:$C$418,I$4,'All measurements'!$D$5:$D$418,"bust")=0,"",SUMIFS('All measurements'!$J$5:$J$418,'All measurements'!$A$5:$A$418,"Women",'All measurements'!$B$5:$B$418,$A6,'All measurements'!$C$5:$C$418,I$4,'All measurements'!$D$5:$D$418,"bust")) -> 125 | J6: =IF(COUNTIFS('All measurements'!$A$5:$A$418,"Women",'All measurements'!$B$5:$B$418,$A6,'All measurements'!$C$5:$C$418,J$4,'All measurements'!$D$5:$D$418,"bust")=0,"",SUMIFS('All measurements'!$J$5:$J$418,'All measurements'!$A$5:$A$418,"Women",'All measurements'!$B$5:$B$418,$A6,'All measurements'!$C$5:$C$418,J$4,'All measurements'!$D$5:$D$418,"bust")) -> 137 | K6: =IF(COUNTIFS('All measurements'!$A$5:$A$418,"Women",'All measurements'!$B$5:$B$418,$A6,'All measurements'!$C$5:$C$418,K$4,'All measurements'!$D$5:$D$418,"bust")=0,"",SUMIFS('All measurements'!$J$5:$J$418,'All measurements'!$A$5:$A$418,"Women",'All measurements'!$B$5:$B$418,$A6,'All measurements'!$C$5:$C$418,K$4,'All measurements'!$D$5:$D$418,"bust")) -> 149
A7: Levi's | B7: Sourced | C7: =IF(COUNTIFS('All measurements'!$A$5:$A$418,"Women",'All measurements'!$B$5:$B$418,$A7,'All measurements'!$C$5:$C$418,C$4,'All measurements'!$D$5:$D$418,"bust")=0,"",SUMIFS('All measurements'!$J$5:$J$418,'All measurements'!$A$5:$A$418,"Women",'All measurements'!$B$5:$B$418,$A7,'All measurements'!$C$5:$C$418,C$4,'All measurements'!$D$5:$D$418,"bust")) -> 78.7 | D7: =IF(COUNTIFS('All measurements'!$A$5:$A$418,"Women",'All measurements'!$B$5:$B$418,$A7,'All measurements'!$C$5:$C$418,D$4,'All measurements'!$D$5:$D$418,"bust")=0,"",SUMIFS('All measurements'!$J$5:$J$418,'All measurements'!$A$5:$A$418,"Women",'All measurements'!$B$5:$B$418,$A7,'All measurements'!$C$5:$C$418,D$4,'All measurements'!$D$5:$D$418,"bust")) -> 83.8 | E7: =IF(COUNTIFS('All measurements'!$A$5:$A$418,"Women",'All measurements'!$B$5:$B$418,$A7,'All measurements'!$C$5:$C$418,E$4,'All measurements'!$D$5:$D$418,"bust")=0,"",SUMIFS('All measurements'!$J$5:$J$418,'All measurements'!$A$5:$A$418,"Women",'All measurements'!$B$5:$B$418,$A7,'All measurements'!$C$5:$C$418,E$4,'All measurements'!$D$5:$D$418,"bust")) -> 88.9 | F7: =IF(COUNTIFS('All measurements'!$A$5:$A$418,"Women",'All measurements'!$B$5:$B$418,$A7,'All measurements'!$C$5:$C$418,F$4,'All measurements'!$D$5:$D$418,"bust")=0,"",SUMIFS('All measurements'!$J$5:$J$418,'All measurements'!$A$5:$A$418,"Women",'All measurements'!$B$5:$B$418,$A7,'All measurements'!$C$5:$C$418,F$4,'All measurements'!$D$5:$D$418,"bust")) -> 94 | G7: =IF(COUNTIFS('All measurements'!$A$5:$A$418,"Women",'All measurements'!$B$5:$B$418,$A7,'All measurements'!$C$5:$C$418,G$4,'All measurements'!$D$5:$D$418,"bust")=0,"",SUMIFS('All measurements'!$J$5:$J$418,'All measurements'!$A$5:$A$418,"Women",'All measurements'!$B$5:$B$418,$A7,'All measurements'!$C$5:$C$418,G$4,'All measurements'!$D$5:$D$418,"bust")) -> 100.3 | H7: =IF(COUNTIFS('All measurements'!$A$5:$A$418,"Women",'All measurements'!$B$5:$B$418,$A7,'All measurements'!$C$5:$C$418,H$4,'All measurements'!$D$5:$D$418,"bust")=0,"",SUMIFS('All measurements'!$J$5:$J$418,'All measurements'!$A$5:$A$418,"Women",'All measurements'!$B$5:$B$418,$A7,'All measurements'!$C$5:$C$418,H$4,'All measurements'!$D$5:$D$418,"bust")) -> 108 | I7: =IF(COUNTIFS('All measurements'!$A$5:$A$418,"Women",'All measurements'!$B$5:$B$418,$A7,'All measurements'!$C$5:$C$418,I$4,'All measurements'!$D$5:$D$418,"bust")=0,"",SUMIFS('All measurements'!$J$5:$J$418,'All measurements'!$A$5:$A$418,"Women",'All measurements'!$B$5:$B$418,$A7,'All measurements'!$C$5:$C$418,I$4,'All measurements'!$D$5:$D$418,"bust")) -> 115.6 | J7: =IF(COUNTIFS('All measurements'!$A$5:$A$418,"Women",'All measurements'!$B$5:$B$418,$A7,'All measurements'!$C$5:$C$418,J$4,'All measurements'!$D$5:$D$418,"bust")=0,"",SUMIFS('All measurements'!$J$5:$J$418,'All measurements'!$A$5:$A$418,"Women",'All measurements'!$B$5:$B$418,$A7,'All measurements'!$C$5:$C$418,J$4,'All measurements'!$D$5:$D$418,"bust")) -> 130.8 | K7: =IF(COUNTIFS('All measurements'!$A$5:$A$418,"Women",'All measurements'!$B$5:$B$418,$A7,'All measurements'!$C$5:$C$418,K$4,'All measurements'!$D$5:$D$418,"bust")=0,"",SUMIFS('All measurements'!$J$5:$J$418,'All measurements'!$A$5:$A$418,"Women",'All measurements'!$B$5:$B$418,$A7,'All measurements'!$C$5:$C$418,K$4,'All measurements'!$D$5:$D$418,"bust"))
A8: Lulu & Sky | B8: Sourced | C8: =IF(COUNTIFS('All measurements'!$A$5:$A$418,"Women",'All measurements'!$B$5:$B$418,$A8,'All measurements'!$C$5:$C$418,C$4,'All measurements'!$D$5:$D$418,"bust")=0,"",SUMIFS('All measurements'!$J$5:$J$418,'All measurements'!$A$5:$A$418,"Women",'All measurements'!$B$5:$B$418,$A8,'All measurements'!$C$5:$C$418,C$4,'All measurements'!$D$5:$D$418,"bust")) | D8: =IF(COUNTIFS('All measurements'!$A$5:$A$418,"Women",'All measurements'!$B$5:$B$418,$A8,'All measurements'!$C$5:$C$418,D$4,'All measurements'!$D$5:$D$418,"bust")=0,"",SUMIFS('All measurements'!$J$5:$J$418,'All measurements'!$A$5:$A$418,"Women",'All measurements'!$B$5:$B$418,$A8,'All measurements'!$C$5:$C$418,D$4,'All measurements'!$D$5:$D$418,"bust")) | E8: =IF(COUNTIFS('All measurements'!$A$5:$A$418,"Women",'All measurements'!$B$5:$B$418,$A8,'All measurements'!$C$5:$C$418,E$4,'All measurements'!$D$5:$D$418,"bust")=0,"",SUMIFS('All measurements'!$J$5:$J$418,'All measurements'!$A$5:$A$418,"Women",'All measurements'!$B$5:$B$418,$A8,'All measurements'!$C$5:$C$418,E$4,'All measurements'!$D$5:$D$418,"bust")) -> 78.74 | F8: =IF(COUNTIFS('All measurements'!$A$5:$A$418,"Women",'All measurements'!$B$5:$B$418,$A8,'All measurements'!$C$5:$C$418,F$4,'All measurements'!$D$5:$D$418,"bust")=0,"",SUMIFS('All measurements'!$J$5:$J$418,'All measurements'!$A$5:$A$418,"Women",'All measurements'!$B$5:$B$418,$A8,'All measurements'!$C$5:$C$418,F$4,'All measurements'!$D$5:$D$418,"bust")) -> 81.28 | G8: =IF(COUNTIFS('All measurements'!$A$5:$A$418,"Women",'All measurements'!$B$5:$B$418,$A8,'All measurements'!$C$5:$C$418,G$4,'All measurements'!$D$5:$D$418,"bust")=0,"",SUMIFS('All measurements'!$J$5:$J$418,'All measurements'!$A$5:$A$418,"Women",'All measurements'!$B$5:$B$418,$A8,'All measurements'!$C$5:$C$418,G$4,'All measurements'!$D$5:$D$418,"bust")) -> 88.9 | H8: =IF(COUNTIFS('All measurements'!$A$5:$A$418,"Women",'All measurements'!$B$5:$B$418,$A8,'All measurements'!$C$5:$C$418,H$4,'All measurements'!$D$5:$D$418,"bust")=0,"",SUMIFS('All measurements'!$J$5:$J$418,'All measurements'!$A$5:$A$418,"Women",'All measurements'!$B$5:$B$418,$A8,'All measurements'!$C$5:$C$418,H$4,'All measurements'!$D$5:$D$418,"bust")) -> 93.98 | I8: =IF(COUNTIFS('All measurements'!$A$5:$A$418,"Women",'All measurements'!$B$5:$B$418,$A8,'All measurements'!$C$5:$C$418,I$4,'All measurements'!$D$5:$D$418,"bust")=0,"",SUMIFS('All measurements'!$J$5:$J$418,'All measurements'!$A$5:$A$418,"Women",'All measurements'!$B$5:$B$418,$A8,'All measurements'!$C$5:$C$418,I$4,'All measurements'!$D$5:$D$418,"bust")) | J8: =IF(COUNTIFS('All measurements'!$A$5:$A$418,"Women",'All measurements'!$B$5:$B$418,$A8,'All measurements'!$C$5:$C$418,J$4,'All measurements'!$D$5:$D$418,"bust")=0,"",SUMIFS('All measurements'!$J$5:$J$418,'All measurements'!$A$5:$A$418,"Women",'All measurements'!$B$5:$B$418,$A8,'All measurements'!$C$5:$C$418,J$4,'All measurements'!$D$5:$D$418,"bust")) | K8: =IF(COUNTIFS('All measurements'!$A$5:$A$418,"Women",'All measurements'!$B$5:$B$418,$A8,'All measurements'!$C$5:$C$418,K$4,'All measurements'!$D$5:$D$418,"bust")=0,"",SUMIFS('All measurements'!$J$5:$J$418,'All measurements'!$A$5:$A$418,"Women",'All measurements'!$B$5:$B$418,$A8,'All measurements'!$C$5:$C$418,K$4,'All measurements'!$D$5:$D$418,"bust"))
A9: Marks & Spencer | B9: Sourced | C9: =IF(COUNTIFS('All measurements'!$A$5:$A$418,"Women",'All measurements'!$B$5:$B$418,$A9,'All measurements'!$C$5:$C$418,C$4,'All measurements'!$D$5:$D$418,"bust")=0,"",SUMIFS('All measurements'!$J$5:$J$418,'All measurements'!$A$5:$A$418,"Women",'All measurements'!$B$5:$B$418,$A9,'All measurements'!$C$5:$C$418,C$4,'All measurements'!$D$5:$D$418,"bust")) | D9: =IF(COUNTIFS('All measurements'!$A$5:$A$418,"Women",'All measurements'!$B$5:$B$418,$A9,'All measurements'!$C$5:$C$418,D$4,'All measurements'!$D$5:$D$418,"bust")=0,"",SUMIFS('All measurements'!$J$5:$J$418,'All measurements'!$A$5:$A$418,"Women",'All measurements'!$B$5:$B$418,$A9,'All measurements'!$C$5:$C$418,D$4,'All measurements'!$D$5:$D$418,"bust")) -> 78 | E9: =IF(COUNTIFS('All measurements'!$A$5:$A$418,"Women",'All measurements'!$B$5:$B$418,$A9,'All measurements'!$C$5:$C$418,E$4,'All measurements'!$D$5:$D$418,"bust")=0,"",SUMIFS('All measurements'!$J$5:$J$418,'All measurements'!$A$5:$A$418,"Women",'All measurements'!$B$5:$B$418,$A9,'All measurements'!$C$5:$C$418,E$4,'All measurements'!$D$5:$D$418,"bust")) -> 84.5 | F9: =IF(COUNTIFS('All measurements'!$A$5:$A$418,"Women",'All measurements'!$B$5:$B$418,$A9,'All measurements'!$C$5:$C$418,F$4,'All measurements'!$D$5:$D$418,"bust")=0,"",SUMIFS('All measurements'!$J$5:$J$418,'All measurements'!$A$5:$A$418,"Women",'All measurements'!$B$5:$B$418,$A9,'All measurements'!$C$5:$C$418,F$4,'All measurements'!$D$5:$D$418,"bust")) -> 94.5 | G9: =IF(COUNTIFS('All measurements'!$A$5:$A$418,"Women",'All measurements'!$B$5:$B$418,$A9,'All measurements'!$C$5:$C$418,G$4,'All measurements'!$D$5:$D$418,"bust")=0,"",SUMIFS('All measurements'!$J$5:$J$418,'All measurements'!$A$5:$A$418,"Women",'All measurements'!$B$5:$B$418,$A9,'All measurements'!$C$5:$C$418,G$4,'All measurements'!$D$5:$D$418,"bust")) -> 105.25 | H9: =IF(COUNTIFS('All measurements'!$A$5:$A$418,"Women",'All measurements'!$B$5:$B$418,$A9,'All measurements'!$C$5:$C$418,H$4,'All measurements'!$D$5:$D$418,"bust")=0,"",SUMIFS('All measurements'!$J$5:$J$418,'All measurements'!$A$5:$A$418,"Women",'All measurements'!$B$5:$B$418,$A9,'All measurements'!$C$5:$C$418,H$4,'All measurements'!$D$5:$D$418,"bust")) -> 117 | I9: =IF(COUNTIFS('All measurements'!$A$5:$A$418,"Women",'All measurements'!$B$5:$B$418,$A9,'All measurements'!$C$5:$C$418,I$4,'All measurements'!$D$5:$D$418,"bust")=0,"",SUMIFS('All measurements'!$J$5:$J$418,'All measurements'!$A$5:$A$418,"Women",'All measurements'!$B$5:$B$418,$A9,'All measurements'!$C$5:$C$418,I$4,'All measurements'!$D$5:$D$418,"bust")) -> 129 | J9: =IF(COUNTIFS('All measurements'!$A$5:$A$418,"Women",'All measurements'!$B$5:$B$418,$A9,'All measurements'!$C$5:$C$418,J$4,'All measurements'!$D$5:$D$418,"bust")=0,"",SUMIFS('All measurements'!$J$5:$J$418,'All measurements'!$A$5:$A$418,"Women",'All measurements'!$B$5:$B$418,$A9,'All measurements'!$C$5:$C$418,J$4,'All measurements'!$D$5:$D$418,"bust")) | K9: =IF(COUNTIFS('All measurements'!$A$5:$A$418,"Women",'All measurements'!$B$5:$B$418,$A9,'All measurements'!$C$5:$C$418,K$4,'All measurements'!$D$5:$D$418,"bust")=0,"",SUMIFS('All measurements'!$J$5:$J$418,'All measurements'!$A$5:$A$418,"Women",'All measurements'!$B$5:$B$418,$A9,'All measurements'!$C$5:$C$418,K$4,'All measurements'!$D$5:$D$418,"bust"))
A10: Max | B10: Sourced | C10: =IF(COUNTIFS('All measurements'!$A$5:$A$418,"Women",'All measurements'!$B$5:$B$418,$A10,'All measurements'!$C$5:$C$418,C$4,'All measurements'!$D$5:$D$418,"bust")=0,"",SUMIFS('All measurements'!$J$5:$J$418,'All measurements'!$A$5:$A$418,"Women",'All measurements'!$B$5:$B$418,$A10,'All measurements'!$C$5:$C$418,C$4,'All measurements'!$D$5:$D$418,"bust")) | D10: =IF(COUNTIFS('All measurements'!$A$5:$A$418,"Women",'All measurements'!$B$5:$B$418,$A10,'All measurements'!$C$5:$C$418,D$4,'All measurements'!$D$5:$D$418,"bust")=0,"",SUMIFS('All measurements'!$J$5:$J$418,'All measurements'!$A$5:$A$418,"Women",'All measurements'!$B$5:$B$418,$A10,'All measurements'!$C$5:$C$418,D$4,'All measurements'!$D$5:$D$418,"bust")) -> 81.3 | E10: =IF(COUNTIFS('All measurements'!$A$5:$A$418,"Women",'All measurements'!$B$5:$B$418,$A10,'All measurements'!$C$5:$C$418,E$4,'All measurements'!$D$5:$D$418,"bust")=0,"",SUMIFS('All measurements'!$J$5:$J$418,'All measurements'!$A$5:$A$418,"Women",'All measurements'!$B$5:$B$418,$A10,'All measurements'!$C$5:$C$418,E$4,'All measurements'!$D$5:$D$418,"bust")) -> 86.4 | F10: =IF(COUNTIFS('All measurements'!$A$5:$A$418,"Women",'All measurements'!$B$5:$B$418,$A10,'All measurements'!$C$5:$C$418,F$4,'All measurements'!$D$5:$D$418,"bust")=0,"",SUMIFS('All measurements'!$J$5:$J$418,'All measurements'!$A$5:$A$418,"Women",'All measurements'!$B$5:$B$418,$A10,'All measurements'!$C$5:$C$418,F$4,'All measurements'!$D$5:$D$418,"bust")) -> 91.4 | G10: =IF(COUNTIFS('All measurements'!$A$5:$A$418,"Women",'All measurements'!$B$5:$B$418,$A10,'All measurements'!$C$5:$C$418,G$4,'All measurements'!$D$5:$D$418,"bust")=0,"",SUMIFS('All measurements'!$J$5:$J$418,'All measurements'!$A$5:$A$418,"Women",'All measurements'!$B$5:$B$418,$A10,'All measurements'!$C$5:$C$418,G$4,'All measurements'!$D$5:$D$418,"bust")) -> 96.5 | H10: =IF(COUNTIFS('All measurements'!$A$5:$A$418,"Women",'All measurements'!$B$5:$B$418,$A10,'All measurements'!$C$5:$C$418,H$4,'All measurements'!$D$5:$D$418,"bust")=0,"",SUMIFS('All measurements'!$J$5:$J$418,'All measurements'!$A$5:$A$418,"Women",'All measurements'!$B$5:$B$418,$A10,'All measurements'!$C$5:$C$418,H$4,'All measurements'!$D$5:$D$418,"bust")) -> 102 | I10: =IF(COUNTIFS('All measurements'!$A$5:$A$418,"Women",'All measurements'!$B$5:$B$418,$A10,'All measurements'!$C$5:$C$418,I$4,'All measurements'!$D$5:$D$418,"bust")=0,"",SUMIFS('All measurements'!$J$5:$J$418,'All measurements'!$A$5:$A$418,"Women",'All measurements'!$B$5:$B$418,$A10,'All measurements'!$C$5:$C$418,I$4,'All measurements'!$D$5:$D$418,"bust")) -> 107 | J10: =IF(COUNTIFS('All measurements'!$A$5:$A$418,"Women",'All measurements'!$B$5:$B$418,$A10,'All measurements'!$C$5:$C$418,J$4,'All measurements'!$D$5:$D$418,"bust")=0,"",SUMIFS('All measurements'!$J$5:$J$418,'All measurements'!$A$5:$A$418,"Women",'All measurements'!$B$5:$B$418,$A10,'All measurements'!$C$5:$C$418,J$4,'All measurements'!$D$5:$D$418,"bust")) -> 115 | K10: =IF(COUNTIFS('All measurements'!$A$5:$A$418,"Women",'All measurements'!$B$5:$B$418,$A10,'All measurements'!$C$5:$C$418,K$4,'All measurements'!$D$5:$D$418,"bust")=0,"",SUMIFS('All measurements'!$J$5:$J$418,'All measurements'!$A$5:$A$418,"Women",'All measurements'!$B$5:$B$418,$A10,'All measurements'!$C$5:$C$418,K$4,'All measurements'!$D$5:$D$418,"bust")) -> 121
A11: Nike | B11: Sourced | C11: =IF(COUNTIFS('All measurements'!$A$5:$A$418,"Women",'All measurements'!$B$5:$B$418,$A11,'All measurements'!$C$5:$C$418,C$4,'All measurements'!$D$5:$D$418,"bust")=0,"",SUMIFS('All measurements'!$J$5:$J$418,'All measurements'!$A$5:$A$418,"Women",'All measurements'!$B$5:$B$418,$A11,'All measurements'!$C$5:$C$418,C$4,'All measurements'!$D$5:$D$418,"bust")) | D11: =IF(COUNTIFS('All measurements'!$A$5:$A$418,"Women",'All measurements'!$B$5:$B$418,$A11,'All measurements'!$C$5:$C$418,D$4,'All measurements'!$D$5:$D$418,"bust")=0,"",SUMIFS('All measurements'!$J$5:$J$418,'All measurements'!$A$5:$A$418,"Women",'All measurements'!$B$5:$B$418,$A11,'All measurements'!$C$5:$C$418,D$4,'All measurements'!$D$5:$D$418,"bust")) -> 78.75 | E11: =IF(COUNTIFS('All measurements'!$A$5:$A$418,"Women",'All measurements'!$B$5:$B$418,$A11,'All measurements'!$C$5:$C$418,E$4,'All measurements'!$D$5:$D$418,"bust")=0,"",SUMIFS('All measurements'!$J$5:$J$418,'All measurements'!$A$5:$A$418,"Women",'All measurements'!$B$5:$B$418,$A11,'All measurements'!$C$5:$C$418,E$4,'All measurements'!$D$5:$D$418,"bust")) -> 83.2 | F11: =IF(COUNTIFS('All measurements'!$A$5:$A$418,"Women",'All measurements'!$B$5:$B$418,$A11,'All measurements'!$C$5:$C$418,F$4,'All measurements'!$D$5:$D$418,"bust")=0,"",SUMIFS('All measurements'!$J$5:$J$418,'All measurements'!$A$5:$A$418,"Women",'All measurements'!$B$5:$B$418,$A11,'All measurements'!$C$5:$C$418,F$4,'All measurements'!$D$5:$D$418,"bust")) -> 87 | G11: =IF(COUNTIFS('All measurements'!$A$5:$A$418,"Women",'All measurements'!$B$5:$B$418,$A11,'All measurements'!$C$5:$C$418,G$4,'All measurements'!$D$5:$D$418,"bust")=0,"",SUMIFS('All measurements'!$J$5:$J$418,'All measurements'!$A$5:$A$418,"Women",'All measurements'!$B$5:$B$418,$A11,'All measurements'!$C$5:$C$418,G$4,'All measurements'!$D$5:$D$418,"bust")) -> 92.05 | H11: =IF(COUNTIFS('All measurements'!$A$5:$A$418,"Women",'All measurements'!$B$5:$B$418,$A11,'All measurements'!$C$5:$C$418,H$4,'All measurements'!$D$5:$D$418,"bust")=0,"",SUMIFS('All measurements'!$J$5:$J$418,'All measurements'!$A$5:$A$418,"Women",'All measurements'!$B$5:$B$418,$A11,'All measurements'!$C$5:$C$418,H$4,'All measurements'!$D$5:$D$418,"bust")) -> 98.4 | I11: =IF(COUNTIFS('All measurements'!$A$5:$A$418,"Women",'All measurements'!$B$5:$B$418,$A11,'All measurements'!$C$5:$C$418,I$4,'All measurements'!$D$5:$D$418,"bust")=0,"",SUMIFS('All measurements'!$J$5:$J$418,'All measurements'!$A$5:$A$418,"Women",'All measurements'!$B$5:$B$418,$A11,'All measurements'!$C$5:$C$418,I$4,'All measurements'!$D$5:$D$418,"bust")) -> 104.8 | J11: =IF(COUNTIFS('All measurements'!$A$5:$A$418,"Women",'All measurements'!$B$5:$B$418,$A11,'All measurements'!$C$5:$C$418,J$4,'All measurements'!$D$5:$D$418,"bust")=0,"",SUMIFS('All measurements'!$J$5:$J$418,'All measurements'!$A$5:$A$418,"Women",'All measurements'!$B$5:$B$418,$A11,'All measurements'!$C$5:$C$418,J$4,'All measurements'!$D$5:$D$418,"bust")) | K11: =IF(COUNTIFS('All measurements'!$A$5:$A$418,"Women",'All measurements'!$B$5:$B$418,$A11,'All measurements'!$C$5:$C$418,K$4,'All measurements'!$D$5:$D$418,"bust")=0,"",SUMIFS('All measurements'!$J$5:$J$418,'All measurements'!$A$5:$A$418,"Women",'All measurements'!$B$5:$B$418,$A11,'All measurements'!$C$5:$C$418,K$4,'All measurements'!$D$5:$D$418,"bust"))
A12: Pantaloons | B12: Sourced | C12: =IF(COUNTIFS('All measurements'!$A$5:$A$418,"Women",'All measurements'!$B$5:$B$418,$A12,'All measurements'!$C$5:$C$418,C$4,'All measurements'!$D$5:$D$418,"bust")=0,"",SUMIFS('All measurements'!$J$5:$J$418,'All measurements'!$A$5:$A$418,"Women",'All measurements'!$B$5:$B$418,$A12,'All measurements'!$C$5:$C$418,C$4,'All measurements'!$D$5:$D$418,"bust")) | D12: =IF(COUNTIFS('All measurements'!$A$5:$A$418,"Women",'All measurements'!$B$5:$B$418,$A12,'All measurements'!$C$5:$C$418,D$4,'All measurements'!$D$5:$D$418,"bust")=0,"",SUMIFS('All measurements'!$J$5:$J$418,'All measurements'!$A$5:$A$418,"Women",'All measurements'!$B$5:$B$418,$A12,'All measurements'!$C$5:$C$418,D$4,'All measurements'!$D$5:$D$418,"bust")) -> 83.82 | E12: =IF(COUNTIFS('All measurements'!$A$5:$A$418,"Women",'All measurements'!$B$5:$B$418,$A12,'All measurements'!$C$5:$C$418,E$4,'All measurements'!$D$5:$D$418,"bust")=0,"",SUMIFS('All measurements'!$J$5:$J$418,'All measurements'!$A$5:$A$418,"Women",'All measurements'!$B$5:$B$418,$A12,'All measurements'!$C$5:$C$418,E$4,'All measurements'!$D$5:$D$418,"bust")) -> 88.9 | F12: =IF(COUNTIFS('All measurements'!$A$5:$A$418,"Women",'All measurements'!$B$5:$B$418,$A12,'All measurements'!$C$5:$C$418,F$4,'All measurements'!$D$5:$D$418,"bust")=0,"",SUMIFS('All measurements'!$J$5:$J$418,'All measurements'!$A$5:$A$418,"Women",'All measurements'!$B$5:$B$418,$A12,'All measurements'!$C$5:$C$418,F$4,'All measurements'!$D$5:$D$418,"bust")) -> 93.98 | G12: =IF(COUNTIFS('All measurements'!$A$5:$A$418,"Women",'All measurements'!$B$5:$B$418,$A12,'All measurements'!$C$5:$C$418,G$4,'All measurements'!$D$5:$D$418,"bust")=0,"",SUMIFS('All measurements'!$J$5:$J$418,'All measurements'!$A$5:$A$418,"Women",'All measurements'!$B$5:$B$418,$A12,'All measurements'!$C$5:$C$418,G$4,'All measurements'!$D$5:$D$418,"bust")) -> 99.06 | H12: =IF(COUNTIFS('All measurements'!$A$5:$A$418,"Women",'All measurements'!$B$5:$B$418,$A12,'All measurements'!$C$5:$C$418,H$4,'All measurements'!$D$5:$D$418,"bust")=0,"",SUMIFS('All measurements'!$J$5:$J$418,'All measurements'!$A$5:$A$418,"Women",'All measurements'!$B$5:$B$418,$A12,'All measurements'!$C$5:$C$418,H$4,'All measurements'!$D$5:$D$418,"bust")) -> 105.41 | I12: =IF(COUNTIFS('All measurements'!$A$5:$A$418,"Women",'All measurements'!$B$5:$B$418,$A12,'All measurements'!$C$5:$C$418,I$4,'All measurements'!$D$5:$D$418,"bust")=0,"",SUMIFS('All measurements'!$J$5:$J$418,'All measurements'!$A$5:$A$418,"Women",'All measurements'!$B$5:$B$418,$A12,'All measurements'!$C$5:$C$418,I$4,'All measurements'!$D$5:$D$418,"bust")) -> 113.03 | J12: =IF(COUNTIFS('All measurements'!$A$5:$A$418,"Women",'All measurements'!$B$5:$B$418,$A12,'All measurements'!$C$5:$C$418,J$4,'All measurements'!$D$5:$D$418,"bust")=0,"",SUMIFS('All measurements'!$J$5:$J$418,'All measurements'!$A$5:$A$418,"Women",'All measurements'!$B$5:$B$418,$A12,'All measurements'!$C$5:$C$418,J$4,'All measurements'!$D$5:$D$418,"bust")) | K12: =IF(COUNTIFS('All measurements'!$A$5:$A$418,"Women",'All measurements'!$B$5:$B$418,$A12,'All measurements'!$C$5:$C$418,K$4,'All measurements'!$D$5:$D$418,"bust")=0,"",SUMIFS('All measurements'!$J$5:$J$418,'All measurements'!$A$5:$A$418,"Women",'All measurements'!$B$5:$B$418,$A12,'All measurements'!$C$5:$C$418,K$4,'All measurements'!$D$5:$D$418,"bust"))
A13: Red Tape | B13: Sourced | C13: =IF(COUNTIFS('All measurements'!$A$5:$A$418,"Women",'All measurements'!$B$5:$B$418,$A13,'All measurements'!$C$5:$C$418,C$4,'All measurements'!$D$5:$D$418,"bust")=0,"",SUMIFS('All measurements'!$J$5:$J$418,'All measurements'!$A$5:$A$418,"Women",'All measurements'!$B$5:$B$418,$A13,'All measurements'!$C$5:$C$418,C$4,'All measurements'!$D$5:$D$418,"bust")) | D13: =IF(COUNTIFS('All measurements'!$A$5:$A$418,"Women",'All measurements'!$B$5:$B$418,$A13,'All measurements'!$C$5:$C$418,D$4,'All measurements'!$D$5:$D$418,"bust")=0,"",SUMIFS('All measurements'!$J$5:$J$418,'All measurements'!$A$5:$A$418,"Women",'All measurements'!$B$5:$B$418,$A13,'All measurements'!$C$5:$C$418,D$4,'All measurements'!$D$5:$D$418,"bust")) -> 81.28 | E13: =IF(COUNTIFS('All measurements'!$A$5:$A$418,"Women",'All measurements'!$B$5:$B$418,$A13,'All measurements'!$C$5:$C$418,E$4,'All measurements'!$D$5:$D$418,"bust")=0,"",SUMIFS('All measurements'!$J$5:$J$418,'All measurements'!$A$5:$A$418,"Women",'All measurements'!$B$5:$B$418,$A13,'All measurements'!$C$5:$C$418,E$4,'All measurements'!$D$5:$D$418,"bust")) -> 86.36 | F13: =IF(COUNTIFS('All measurements'!$A$5:$A$418,"Women",'All measurements'!$B$5:$B$418,$A13,'All measurements'!$C$5:$C$418,F$4,'All measurements'!$D$5:$D$418,"bust")=0,"",SUMIFS('All measurements'!$J$5:$J$418,'All measurements'!$A$5:$A$418,"Women",'All measurements'!$B$5:$B$418,$A13,'All measurements'!$C$5:$C$418,F$4,'All measurements'!$D$5:$D$418,"bust")) -> 91.44 | G13: =IF(COUNTIFS('All measurements'!$A$5:$A$418,"Women",'All measurements'!$B$5:$B$418,$A13,'All measurements'!$C$5:$C$418,G$4,'All measurements'!$D$5:$D$418,"bust")=0,"",SUMIFS('All measurements'!$J$5:$J$418,'All measurements'!$A$5:$A$418,"Women",'All measurements'!$B$5:$B$418,$A13,'All measurements'!$C$5:$C$418,G$4,'All measurements'!$D$5:$D$418,"bust")) -> 96.52 | H13: =IF(COUNTIFS('All measurements'!$A$5:$A$418,"Women",'All measurements'!$B$5:$B$418,$A13,'All measurements'!$C$5:$C$418,H$4,'All measurements'!$D$5:$D$418,"bust")=0,"",SUMIFS('All measurements'!$J$5:$J$418,'All measurements'!$A$5:$A$418,"Women",'All measurements'!$B$5:$B$418,$A13,'All measurements'!$C$5:$C$418,H$4,'All measurements'!$D$5:$D$418,"bust")) -> 101.6 | I13: =IF(COUNTIFS('All measurements'!$A$5:$A$418,"Women",'All measurements'!$B$5:$B$418,$A13,'All measurements'!$C$5:$C$418,I$4,'All measurements'!$D$5:$D$418,"bust")=0,"",SUMIFS('All measurements'!$J$5:$J$418,'All measurements'!$A$5:$A$418,"Women",'All measurements'!$B$5:$B$418,$A13,'All measurements'!$C$5:$C$418,I$4,'All measurements'!$D$5:$D$418,"bust")) | J13: =IF(COUNTIFS('All measurements'!$A$5:$A$418,"Women",'All measurements'!$B$5:$B$418,$A13,'All measurements'!$C$5:$C$418,J$4,'All measurements'!$D$5:$D$418,"bust")=0,"",SUMIFS('All measurements'!$J$5:$J$418,'All measurements'!$A$5:$A$418,"Women",'All measurements'!$B$5:$B$418,$A13,'All measurements'!$C$5:$C$418,J$4,'All measurements'!$D$5:$D$418,"bust")) | K13: =IF(COUNTIFS('All measurements'!$A$5:$A$418,"Women",'All measurements'!$B$5:$B$418,$A13,'All measurements'!$C$5:$C$418,K$4,'All measurements'!$D$5:$D$418,"bust")=0,"",SUMIFS('All measurements'!$J$5:$J$418,'All measurements'!$A$5:$A$418,"Women",'All measurements'!$B$5:$B$418,$A13,'All measurements'!$C$5:$C$418,K$4,'All measurements'!$D$5:$D$418,"bust"))
A14: The Souled Store | B14: Sourced | C14: =IF(COUNTIFS('All measurements'!$A$5:$A$418,"Women",'All measurements'!$B$5:$B$418,$A14,'All measurements'!$C$5:$C$418,C$4,'All measurements'!$D$5:$D$418,"bust")=0,"",SUMIFS('All measurements'!$J$5:$J$418,'All measurements'!$A$5:$A$418,"Women",'All measurements'!$B$5:$B$418,$A14,'All measurements'!$C$5:$C$418,C$4,'All measurements'!$D$5:$D$418,"bust")) -> 76 | D14: =IF(COUNTIFS('All measurements'!$A$5:$A$418,"Women",'All measurements'!$B$5:$B$418,$A14,'All measurements'!$C$5:$C$418,D$4,'All measurements'!$D$5:$D$418,"bust")=0,"",SUMIFS('All measurements'!$J$5:$J$418,'All measurements'!$A$5:$A$418,"Women",'All measurements'!$B$5:$B$418,$A14,'All measurements'!$C$5:$C$418,D$4,'All measurements'!$D$5:$D$418,"bust")) -> 81 | E14: =IF(COUNTIFS('All measurements'!$A$5:$A$418,"Women",'All measurements'!$B$5:$B$418,$A14,'All measurements'!$C$5:$C$418,E$4,'All measurements'!$D$5:$D$418,"bust")=0,"",SUMIFS('All measurements'!$J$5:$J$418,'All measurements'!$A$5:$A$418,"Women",'All measurements'!$B$5:$B$418,$A14,'All measurements'!$C$5:$C$418,E$4,'All measurements'!$D$5:$D$418,"bust")) -> 86 | F14: =IF(COUNTIFS('All measurements'!$A$5:$A$418,"Women",'All measurements'!$B$5:$B$418,$A14,'All measurements'!$C$5:$C$418,F$4,'All measurements'!$D$5:$D$418,"bust")=0,"",SUMIFS('All measurements'!$J$5:$J$418,'All measurements'!$A$5:$A$418,"Women",'All measurements'!$B$5:$B$418,$A14,'All measurements'!$C$5:$C$418,F$4,'All measurements'!$D$5:$D$418,"bust")) -> 91 | G14: =IF(COUNTIFS('All measurements'!$A$5:$A$418,"Women",'All measurements'!$B$5:$B$418,$A14,'All measurements'!$C$5:$C$418,G$4,'All measurements'!$D$5:$D$418,"bust")=0,"",SUMIFS('All measurements'!$J$5:$J$418,'All measurements'!$A$5:$A$418,"Women",'All measurements'!$B$5:$B$418,$A14,'All measurements'!$C$5:$C$418,G$4,'All measurements'!$D$5:$D$418,"bust")) -> 97 | H14: =IF(COUNTIFS('All measurements'!$A$5:$A$418,"Women",'All measurements'!$B$5:$B$418,$A14,'All measurements'!$C$5:$C$418,H$4,'All measurements'!$D$5:$D$418,"bust")=0,"",SUMIFS('All measurements'!$J$5:$J$418,'All measurements'!$A$5:$A$418,"Women",'All measurements'!$B$5:$B$418,$A14,'All measurements'!$C$5:$C$418,H$4,'All measurements'!$D$5:$D$418,"bust")) -> 101 | I14: =IF(COUNTIFS('All measurements'!$A$5:$A$418,"Women",'All measurements'!$B$5:$B$418,$A14,'All measurements'!$C$5:$C$418,I$4,'All measurements'!$D$5:$D$418,"bust")=0,"",SUMIFS('All measurements'!$J$5:$J$418,'All measurements'!$A$5:$A$418,"Women",'All measurements'!$B$5:$B$418,$A14,'All measurements'!$C$5:$C$418,I$4,'All measurements'!$D$5:$D$418,"bust")) -> 106 | J14: =IF(COUNTIFS('All measurements'!$A$5:$A$418,"Women",'All measurements'!$B$5:$B$418,$A14,'All measurements'!$C$5:$C$418,J$4,'All measurements'!$D$5:$D$418,"bust")=0,"",SUMIFS('All measurements'!$J$5:$J$418,'All measurements'!$A$5:$A$418,"Women",'All measurements'!$B$5:$B$418,$A14,'All measurements'!$C$5:$C$418,J$4,'All measurements'!$D$5:$D$418,"bust")) | K14: =IF(COUNTIFS('All measurements'!$A$5:$A$418,"Women",'All measurements'!$B$5:$B$418,$A14,'All measurements'!$C$5:$C$418,K$4,'All measurements'!$D$5:$D$418,"bust")=0,"",SUMIFS('All measurements'!$J$5:$J$418,'All measurements'!$A$5:$A$418,"Women",'All measurements'!$B$5:$B$418,$A14,'All measurements'!$C$5:$C$418,K$4,'All measurements'!$D$5:$D$418,"bust"))
A15: Uniqlo | B15: Sourced | C15: =IF(COUNTIFS('All measurements'!$A$5:$A$418,"Women",'All measurements'!$B$5:$B$418,$A15,'All measurements'!$C$5:$C$418,C$4,'All measurements'!$D$5:$D$418,"bust")=0,"",SUMIFS('All measurements'!$J$5:$J$418,'All measurements'!$A$5:$A$418,"Women",'All measurements'!$B$5:$B$418,$A15,'All measurements'!$C$5:$C$418,C$4,'All measurements'!$D$5:$D$418,"bust")) | D15: =IF(COUNTIFS('All measurements'!$A$5:$A$418,"Women",'All measurements'!$B$5:$B$418,$A15,'All measurements'!$C$5:$C$418,D$4,'All measurements'!$D$5:$D$418,"bust")=0,"",SUMIFS('All measurements'!$J$5:$J$418,'All measurements'!$A$5:$A$418,"Women",'All measurements'!$B$5:$B$418,$A15,'All measurements'!$C$5:$C$418,D$4,'All measurements'!$D$5:$D$418,"bust")) | E15: =IF(COUNTIFS('All measurements'!$A$5:$A$418,"Women",'All measurements'!$B$5:$B$418,$A15,'All measurements'!$C$5:$C$418,E$4,'All measurements'!$D$5:$D$418,"bust")=0,"",SUMIFS('All measurements'!$J$5:$J$418,'All measurements'!$A$5:$A$418,"Women",'All measurements'!$B$5:$B$418,$A15,'All measurements'!$C$5:$C$418,E$4,'All measurements'!$D$5:$D$418,"bust")) -> 80 | F15: =IF(COUNTIFS('All measurements'!$A$5:$A$418,"Women",'All measurements'!$B$5:$B$418,$A15,'All measurements'!$C$5:$C$418,F$4,'All measurements'!$D$5:$D$418,"bust")=0,"",SUMIFS('All measurements'!$J$5:$J$418,'All measurements'!$A$5:$A$418,"Women",'All measurements'!$B$5:$B$418,$A15,'All measurements'!$C$5:$C$418,F$4,'All measurements'!$D$5:$D$418,"bust")) -> 84 | G15: =IF(COUNTIFS('All measurements'!$A$5:$A$418,"Women",'All measurements'!$B$5:$B$418,$A15,'All measurements'!$C$5:$C$418,G$4,'All measurements'!$D$5:$D$418,"bust")=0,"",SUMIFS('All measurements'!$J$5:$J$418,'All measurements'!$A$5:$A$418,"Women",'All measurements'!$B$5:$B$418,$A15,'All measurements'!$C$5:$C$418,G$4,'All measurements'!$D$5:$D$418,"bust")) -> 88 | H15: =IF(COUNTIFS('All measurements'!$A$5:$A$418,"Women",'All measurements'!$B$5:$B$418,$A15,'All measurements'!$C$5:$C$418,H$4,'All measurements'!$D$5:$D$418,"bust")=0,"",SUMIFS('All measurements'!$J$5:$J$418,'All measurements'!$A$5:$A$418,"Women",'All measurements'!$B$5:$B$418,$A15,'All measurements'!$C$5:$C$418,H$4,'All measurements'!$D$5:$D$418,"bust")) -> 94 | I15: =IF(COUNTIFS('All measurements'!$A$5:$A$418,"Women",'All measurements'!$B$5:$B$418,$A15,'All measurements'!$C$5:$C$418,I$4,'All measurements'!$D$5:$D$418,"bust")=0,"",SUMIFS('All measurements'!$J$5:$J$418,'All measurements'!$A$5:$A$418,"Women",'All measurements'!$B$5:$B$418,$A15,'All measurements'!$C$5:$C$418,I$4,'All measurements'!$D$5:$D$418,"bust")) -> 100 | J15: =IF(COUNTIFS('All measurements'!$A$5:$A$418,"Women",'All measurements'!$B$5:$B$418,$A15,'All measurements'!$C$5:$C$418,J$4,'All measurements'!$D$5:$D$418,"bust")=0,"",SUMIFS('All measurements'!$J$5:$J$418,'All measurements'!$A$5:$A$418,"Women",'All measurements'!$B$5:$B$418,$A15,'All measurements'!$C$5:$C$418,J$4,'All measurements'!$D$5:$D$418,"bust")) -> 106 | K15: =IF(COUNTIFS('All measurements'!$A$5:$A$418,"Women",'All measurements'!$B$5:$B$418,$A15,'All measurements'!$C$5:$C$418,K$4,'All measurements'!$D$5:$D$418,"bust")=0,"",SUMIFS('All measurements'!$J$5:$J$418,'All measurements'!$A$5:$A$418,"Women",'All measurements'!$B$5:$B$418,$A15,'All measurements'!$C$5:$C$418,K$4,'All measurements'!$D$5:$D$418,"bust"))
A16: Westside | B16: Sourced | C16: =IF(COUNTIFS('All measurements'!$A$5:$A$418,"Women",'All measurements'!$B$5:$B$418,$A16,'All measurements'!$C$5:$C$418,C$4,'All measurements'!$D$5:$D$418,"bust")=0,"",SUMIFS('All measurements'!$J$5:$J$418,'All measurements'!$A$5:$A$418,"Women",'All measurements'!$B$5:$B$418,$A16,'All measurements'!$C$5:$C$418,C$4,'All measurements'!$D$5:$D$418,"bust")) -> 77 | D16: =IF(COUNTIFS('All measurements'!$A$5:$A$418,"Women",'All measurements'!$B$5:$B$418,$A16,'All measurements'!$C$5:$C$418,D$4,'All measurements'!$D$5:$D$418,"bust")=0,"",SUMIFS('All measurements'!$J$5:$J$418,'All measurements'!$A$5:$A$418,"Women",'All measurements'!$B$5:$B$418,$A16,'All measurements'!$C$5:$C$418,D$4,'All measurements'!$D$5:$D$418,"bust")) -> 82 | E16: =IF(COUNTIFS('All measurements'!$A$5:$A$418,"Women",'All measurements'!$B$5:$B$418,$A16,'All measurements'!$C$5:$C$418,E$4,'All measurements'!$D$5:$D$418,"bust")=0,"",SUMIFS('All measurements'!$J$5:$J$418,'All measurements'!$A$5:$A$418,"Women",'All measurements'!$B$5:$B$418,$A16,'All measurements'!$C$5:$C$418,E$4,'All measurements'!$D$5:$D$418,"bust")) -> 87 | F16: =IF(COUNTIFS('All measurements'!$A$5:$A$418,"Women",'All measurements'!$B$5:$B$418,$A16,'All measurements'!$C$5:$C$418,F$4,'All measurements'!$D$5:$D$418,"bust")=0,"",SUMIFS('All measurements'!$J$5:$J$418,'All measurements'!$A$5:$A$418,"Women",'All measurements'!$B$5:$B$418,$A16,'All measurements'!$C$5:$C$418,F$4,'All measurements'!$D$5:$D$418,"bust")) -> 92 | G16: =IF(COUNTIFS('All measurements'!$A$5:$A$418,"Women",'All measurements'!$B$5:$B$418,$A16,'All measurements'!$C$5:$C$418,G$4,'All measurements'!$D$5:$D$418,"bust")=0,"",SUMIFS('All measurements'!$J$5:$J$418,'All measurements'!$A$5:$A$418,"Women",'All measurements'!$B$5:$B$418,$A16,'All measurements'!$C$5:$C$418,G$4,'All measurements'!$D$5:$D$418,"bust")) -> 97 | H16: =IF(COUNTIFS('All measurements'!$A$5:$A$418,"Women",'All measurements'!$B$5:$B$418,$A16,'All measurements'!$C$5:$C$418,H$4,'All measurements'!$D$5:$D$418,"bust")=0,"",SUMIFS('All measurements'!$J$5:$J$418,'All measurements'!$A$5:$A$418,"Women",'All measurements'!$B$5:$B$418,$A16,'All measurements'!$C$5:$C$418,H$4,'All measurements'!$D$5:$D$418,"bust")) -> 102 | I16: =IF(COUNTIFS('All measurements'!$A$5:$A$418,"Women",'All measurements'!$B$5:$B$418,$A16,'All measurements'!$C$5:$C$418,I$4,'All measurements'!$D$5:$D$418,"bust")=0,"",SUMIFS('All measurements'!$J$5:$J$418,'All measurements'!$A$5:$A$418,"Women",'All measurements'!$B$5:$B$418,$A16,'All measurements'!$C$5:$C$418,I$4,'All measurements'!$D$5:$D$418,"bust")) -> 107 | J16: =IF(COUNTIFS('All measurements'!$A$5:$A$418,"Women",'All measurements'!$B$5:$B$418,$A16,'All measurements'!$C$5:$C$418,J$4,'All measurements'!$D$5:$D$418,"bust")=0,"",SUMIFS('All measurements'!$J$5:$J$418,'All measurements'!$A$5:$A$418,"Women",'All measurements'!$B$5:$B$418,$A16,'All measurements'!$C$5:$C$418,J$4,'All measurements'!$D$5:$D$418,"bust")) | K16: =IF(COUNTIFS('All measurements'!$A$5:$A$418,"Women",'All measurements'!$B$5:$B$418,$A16,'All measurements'!$C$5:$C$418,K$4,'All measurements'!$D$5:$D$418,"bust")=0,"",SUMIFS('All measurements'!$J$5:$J$418,'All measurements'!$A$5:$A$418,"Women",'All measurements'!$B$5:$B$418,$A16,'All measurements'!$C$5:$C$418,K$4,'All measurements'!$D$5:$D$418,"bust"))
... A18: Zudio | B18: Unverified | C18: =IF(COUNTIFS('All measurements'!$A$5:$A$418,"Women",'All measurements'!$B$5:$B$418,$A18,'All measurements'!$C$5:$C$418,C$4,'All measurements'!$D$5:$D$418,"bust")=0,"",SUMIFS('All measurements'!$J$5:$J$418,'All measurements'!$A$5:$A$418,"Women",'All measurements'!$B$5:$B$418,$A18,'All measurements'!$C$5:$C$418,C$4,'All measurements'!$D$5:$D$418,"bust")) | D18: =IF(COUNTIFS('All measurements'!$A$5:$A$418,"Women",'All measurements'!$B$5:$B$418,$A18,'All measurements'!$C$5:$C$418,D$4,'All measurements'!$D$5:$D$418,"bust")=0,"",SUMIFS('All measurements'!$J$5:$J$418,'All measurements'!$A$5:$A$418,"Women",'All measurements'!$B$5:$B$418,$A18,'All measurements'!$C$5:$C$418,D$4,'All measurements'!$D$5:$D$418,"bust")) -> 81.3 | E18: =IF(COUNTIFS('All measurements'!$A$5:$A$418,"Women",'All measurements'!$B$5:$B$418,$A18,'All measurements'!$C$5:$C$418,E$4,'All measurements'!$D$5:$D$418,"bust")=0,"",SUMIFS('All measurements'!$J$5:$J$418,'All measurements'!$A$5:$A$418,"Women",'All measurements'!$B$5:$B$418,$A18,'All measurements'!$C$5:$C$418,E$4,'All measurements'!$D$5:$D$418,"bust")) -> 86.4 | F18: =IF(COUNTIFS('All measurements'!$A$5:$A$418,"Women",'All measurements'!$B$5:$B$418,$A18,'All measurements'!$C$5:$C$418,F$4,'All measurements'!$D$5:$D$418,"bust")=0,"",SUMIFS('All measurements'!$J$5:$J$418,'All measurements'!$A$5:$A$418,"Women",'All measurements'!$B$5:$B$418,$A18,'All measurements'!$C$5:$C$418,F$4,'All measurements'!$D$5:$D$418,"bust")) -> 91.4 | G18: =IF(COUNTIFS('All measurements'!$A$5:$A$418,"Women",'All measurements'!$B$5:$B$418,$A18,'All measurements'!$C$5:$C$418,G$4,'All measurements'!$D$5:$D$418,"bust")=0,"",SUMIFS('All measurements'!$J$5:$J$418,'All measurements'!$A$5:$A$418,"Women",'All measurements'!$B$5:$B$418,$A18,'All measurements'!$C$5:$C$418,G$4,'All measurements'!$D$5:$D$418,"bust")) -> 96.5 | H18: =IF(COUNTIFS('All measurements'!$A$5:$A$418,"Women",'All measurements'!$B$5:$B$418,$A18,'All measurements'!$C$5:$C$418,H$4,'All measurements'!$D$5:$D$418,"bust")=0,"",SUMIFS('All measurements'!$J$5:$J$418,'All measurements'!$A$5:$A$418,"Women",'All measurements'!$B$5:$B$418,$A18,'All measurements'!$C$5:$C$418,H$4,'All measurements'!$D$5:$D$418,"bust")) -> 101.6 | I18: =IF(COUNTIFS('All measurements'!$A$5:$A$418,"Women",'All measurements'!$B$5:$B$418,$A18,'All measurements'!$C$5:$C$418,I$4,'All measurements'!$D$5:$D$418,"bust")=0,"",SUMIFS('All measurements'!$J$5:$J$418,'All measurements'!$A$5:$A$418,"Women",'All measurements'!$B$5:$B$418,$A18,'All measurements'!$C$5:$C$418,I$4,'All measurements'!$D$5:$D$418,"bust")) -> 106.7 | J18: =IF(COUNTIFS('All measurements'!$A$5:$A$418,"Women",'All measurements'!$B$5:$B$418,$A18,'All measurements'!$C$5:$C$418,J$4,'All measurements'!$D$5:$D$418,"bust")=0,"",SUMIFS('All measurements'!$J$5:$J$418,'All measurements'!$A$5:$A$418,"Women",'All measurements'!$B$5:$B$418,$A18,'All measurements'!$C$5:$C$418,J$4,'All measurements'!$D$5:$D$418,"bust")) | K18: =IF(COUNTIFS('All measurements'!$A$5:$A$418,"Women",'All measurements'!$B$5:$B$418,$A18,'All measurements'!$C$5:$C$418,K$4,'All measurements'!$D$5:$D$418,"bust")=0,"",SUMIFS('All measurements'!$J$5:$J$418,'All measurements'!$A$5:$A$418,"Women",'All measurements'!$B$5:$B$418,$A18,'All measurements'!$C$5:$C$418,K$4,'All measurements'!$D$5:$D$418,"bust"))

Sheet Men chest grid
A1: Men's chest (cm) by brand and size — read side by side
A2: Pulled from 'All measurements' by formula. Blank = that brand doesn't make the size.
A4: Brand | B4: Status | C4: XXS | D4: XS | E4: S | F4: M | G4: L | H4: XL | I4: XXL | J4: 3XL | K4: 4XL
A5: Adidas | B5: Sourced | C5: =IF(COUNTIFS('All measurements'!$A$5:$A$418,"Men",'All measurements'!$B$5:$B$418,$A5,'All measurements'!$C$5:$C$418,C$4,'All measurements'!$D$5:$D$418,"chest")=0,"",SUMIFS('All measurements'!$J$5:$J$418,'All measurements'!$A$5:$A$418,"Men",'All measurements'!$B$5:$B$418,$A5,'All measurements'!$C$5:$C$418,C$4,'All measurements'!$D$5:$D$418,"chest")) | D5: =IF(COUNTIFS('All measurements'!$A$5:$A$418,"Men",'All measurements'!$B$5:$B$418,$A5,'All measurements'!$C$5:$C$418,D$4,'All measurements'!$D$5:$D$418,"chest")=0,"",SUMIFS('All measurements'!$J$5:$J$418,'All measurements'!$A$5:$A$418,"Men",'All measurements'!$B$5:$B$418,$A5,'All measurements'!$C$5:$C$418,D$4,'All measurements'!$D$5:$D$418,"chest")) -> 84.5 | E5: =IF(COUNTIFS('All measurements'!$A$5:$A$418,"Men",'All measurements'!$B$5:$B$418,$A5,'All measurements'!$C$5:$C$418,E$4,'All measurements'!$D$5:$D$418,"chest")=0,"",SUMIFS('All measurements'!$J$5:$J$418,'All measurements'!$A$5:$A$418,"Men",'All measurements'!$B$5:$B$418,$A5,'All measurements'!$C$5:$C$418,E$4,'All measurements'!$D$5:$D$418,"chest")) -> 89.5 | F5: =IF(COUNTIFS('All measurements'!$A$5:$A$418,"Men",'All measurements'!$B$5:$B$418,$A5,'All measurements'!$C$5:$C$418,F$4,'All measurements'!$D$5:$D$418,"chest")=0,"",SUMIFS('All measurements'!$J$5:$J$418,'All measurements'!$A$5:$A$418,"Men",'All measurements'!$B$5:$B$418,$A5,'All measurements'!$C$5:$C$418,F$4,'All measurements'!$D$5:$D$418,"chest")) -> 96.5 | G5: =IF(COUNTIFS('All measurements'!$A$5:$A$418,"Men",'All measurements'!$B$5:$B$418,$A5,'All measurements'!$C$5:$C$418,G$4,'All measurements'!$D$5:$D$418,"chest")=0,"",SUMIFS('All measurements'!$J$5:$J$418,'All measurements'!$A$5:$A$418,"Men",'All measurements'!$B$5:$B$418,$A5,'All measurements'!$C$5:$C$418,G$4,'All measurements'!$D$5:$D$418,"chest")) -> 104.5 | H5: =IF(COUNTIFS('All measurements'!$A$5:$A$418,"Men",'All measurements'!$B$5:$B$418,$A5,'All measurements'!$C$5:$C$418,H$4,'All measurements'!$D$5:$D$418,"chest")=0,"",SUMIFS('All measurements'!$J$5:$J$418,'All measurements'!$A$5:$A$418,"Men",'All measurements'!$B$5:$B$418,$A5,'All measurements'!$C$5:$C$418,H$4,'All measurements'!$D$5:$D$418,"chest")) -> 113.5 | I5: =IF(COUNTIFS('All measurements'!$A$5:$A$418,"Men",'All measurements'!$B$5:$B$418,$A5,'All measurements'!$C$5:$C$418,I$4,'All measurements'!$D$5:$D$418,"chest")=0,"",SUMIFS('All measurements'!$J$5:$J$418,'All measurements'!$A$5:$A$418,"Men",'All measurements'!$B$5:$B$418,$A5,'All measurements'!$C$5:$C$418,I$4,'All measurements'!$D$5:$D$418,"chest")) -> 124.5 | J5: =IF(COUNTIFS('All measurements'!$A$5:$A$418,"Men",'All measurements'!$B$5:$B$418,$A5,'All measurements'!$C$5:$C$418,J$4,'All measurements'!$D$5:$D$418,"chest")=0,"",SUMIFS('All measurements'!$J$5:$J$418,'All measurements'!$A$5:$A$418,"Men",'All measurements'!$B$5:$B$418,$A5,'All measurements'!$C$5:$C$418,J$4,'All measurements'!$D$5:$D$418,"chest")) -> 136.5 | K5: =IF(COUNTIFS('All measurements'!$A$5:$A$418,"Men",'All measurements'!$B$5:$B$418,$A5,'All measurements'!$C$5:$C$418,K$4,'All measurements'!$D$5:$D$418,"chest")=0,"",SUMIFS('All measurements'!$J$5:$J$418,'All measurements'!$A$5:$A$418,"Men",'All measurements'!$B$5:$B$418,$A5,'All measurements'!$C$5:$C$418,K$4,'All measurements'!$D$5:$D$418,"chest"))
A6: H&M | B6: Sourced | C6: =IF(COUNTIFS('All measurements'!$A$5:$A$418,"Men",'All measurements'!$B$5:$B$418,$A6,'All measurements'!$C$5:$C$418,C$4,'All measurements'!$D$5:$D$418,"chest")=0,"",SUMIFS('All measurements'!$J$5:$J$418,'All measurements'!$A$5:$A$418,"Men",'All measurements'!$B$5:$B$418,$A6,'All measurements'!$C$5:$C$418,C$4,'All measurements'!$D$5:$D$418,"chest")) -> 76 | D6: =IF(COUNTIFS('All measurements'!$A$5:$A$418,"Men",'All measurements'!$B$5:$B$418,$A6,'All measurements'!$C$5:$C$418,D$4,'All measurements'!$D$5:$D$418,"chest")=0,"",SUMIFS('All measurements'!$J$5:$J$418,'All measurements'!$A$5:$A$418,"Men",'All measurements'!$B$5:$B$418,$A6,'All measurements'!$C$5:$C$418,D$4,'All measurements'!$D$5:$D$418,"chest")) -> 82 | E6: =IF(COUNTIFS('All measurements'!$A$5:$A$418,"Men",'All measurements'!$B$5:$B$418,$A6,'All measurements'!$C$5:$C$418,E$4,'All measurements'!$D$5:$D$418,"chest")=0,"",SUMIFS('All measurements'!$J$5:$J$418,'All measurements'!$A$5:$A$418,"Men",'All measurements'!$B$5:$B$418,$A6,'All measurements'!$C$5:$C$418,E$4,'All measurements'!$D$5:$D$418,"chest")) -> 88 | F6: =IF(COUNTIFS('All measurements'!$A$5:$A$418,"Men",'All measurements'!$B$5:$B$418,$A6,'All measurements'!$C$5:$C$418,F$4,'All measurements'!$D$5:$D$418,"chest")=0,"",SUMIFS('All measurements'!$J$5:$J$418,'All measurements'!$A$5:$A$418,"Men",'All measurements'!$B$5:$B$418,$A6,'All measurements'!$C$5:$C$418,F$4,'All measurements'!$D$5:$D$418,"chest")) -> 96 | G6: =IF(COUNTIFS('All measurements'!$A$5:$A$418,"Men",'All measurements'!$B$5:$B$418,$A6,'All measurements'!$C$5:$C$418,G$4,'All measurements'!$D$5:$D$418,"chest")=0,"",SUMIFS('All measurements'!$J$5:$J$418,'All measurements'!$A$5:$A$418,"Men",'All measurements'!$B$5:$B$418,$A6,'All measurements'!$C$5:$C$418,G$4,'All measurements'!$D$5:$D$418,"chest")) -> 104 | H6: =IF(COUNTIFS('All measurements'!$A$5:$A$418,"Men",'All measurements'!$B$5:$B$418,$A6,'All measurements'!$C$5:$C$418,H$4,'All measurements'!$D$5:$D$418,"chest")=0,"",SUMIFS('All measurements'!$J$5:$J$418,'All measurements'!$A$5:$A$418,"Men",'All measurements'!$B$5:$B$418,$A6,'All measurements'!$C$5:$C$418,H$4,'All measurements'!$D$5:$D$418,"chest")) -> 112 | I6: =IF(COUNTIFS('All measurements'!$A$5:$A$418,"Men",'All measurements'!$B$5:$B$418,$A6,'All measurements'!$C$5:$C$418,I$4,'All measurements'!$D$5:$D$418,"chest")=0,"",SUMIFS('All measurements'!$J$5:$J$418,'All measurements'!$A$5:$A$418,"Men",'All measurements'!$B$5:$B$418,$A6,'All measurements'!$C$5:$C$418,I$4,'All measurements'!$D$5:$D$418,"chest")) -> 120 | J6: =IF(COUNTIFS('All measurements'!$A$5:$A$418,"Men",'All measurements'!$B$5:$B$418,$A6,'All measurements'!$C$5:$C$418,J$4,'All measurements'!$D$5:$D$418,"chest")=0,"",SUMIFS('All measurements'!$J$5:$J$418,'All measurements'!$A$5:$A$418,"Men",'All measurements'!$B$5:$B$418,$A6,'All measurements'!$C$5:$C$418,J$4,'All measurements'!$D$5:$D$418,"chest")) -> 128 | K6: =IF(COUNTIFS('All measurements'!$A$5:$A$418,"Men",'All measurements'!$B$5:$B$418,$A6,'All measurements'!$C$5:$C$418,K$4,'All measurements'!$D$5:$D$418,"chest")=0,"",SUMIFS('All measurements'!$J$5:$J$418,'All measurements'!$A$5:$A$418,"Men",'All measurements'!$B$5:$B$418,$A6,'All measurements'!$C$5:$C$418,K$4,'All measurements'!$D$5:$D$418,"chest"))
A7: Levi's | B7: Sourced | C7: =IF(COUNTIFS('All measurements'!$A$5:$A$418,"Men",'All measurements'!$B$5:$B$418,$A7,'All measurements'!$C$5:$C$418,C$4,'All measurements'!$D$5:$D$418,"chest")=0,"",SUMIFS('All measurements'!$J$5:$J$418,'All measurements'!$A$5:$A$418,"Men",'All measurements'!$B$5:$B$418,$A7,'All measurements'!$C$5:$C$418,C$4,'All measurements'!$D$5:$D$418,"chest")) | D7: =IF(COUNTIFS('All measurements'!$A$5:$A$418,"Men",'All measurements'!$B$5:$B$418,$A7,'All measurements'!$C$5:$C$418,D$4,'All measurements'!$D$5:$D$418,"chest")=0,"",SUMIFS('All measurements'!$J$5:$J$418,'All measurements'!$A$5:$A$418,"Men",'All measurements'!$B$5:$B$418,$A7,'All measurements'!$C$5:$C$418,D$4,'All measurements'!$D$5:$D$418,"chest")) -> 83.8 | E7: =IF(COUNTIFS('All measurements'!$A$5:$A$418,"Men",'All measurements'!$B$5:$B$418,$A7,'All measurements'!$C$5:$C$418,E$4,'All measurements'!$D$5:$D$418,"chest")=0,"",SUMIFS('All measurements'!$J$5:$J$418,'All measurements'!$A$5:$A$418,"Men",'All measurements'!$B$5:$B$418,$A7,'All measurements'!$C$5:$C$418,E$4,'All measurements'!$D$5:$D$418,"chest")) -> 91.4 | F7: =IF(COUNTIFS('All measurements'!$A$5:$A$418,"Men",'All measurements'!$B$5:$B$418,$A7,'All measurements'!$C$5:$C$418,F$4,'All measurements'!$D$5:$D$418,"chest")=0,"",SUMIFS('All measurements'!$J$5:$J$418,'All measurements'!$A$5:$A$418,"Men",'All measurements'!$B$5:$B$418,$A7,'All measurements'!$C$5:$C$418,F$4,'All measurements'!$D$5:$D$418,"chest")) -> 99.1 | G7: =IF(COUNTIFS('All measurements'!$A$5:$A$418,"Men",'All measurements'!$B$5:$B$418,$A7,'All measurements'!$C$5:$C$418,G$4,'All measurements'!$D$5:$D$418,"chest")=0,"",SUMIFS('All measurements'!$J$5:$J$418,'All measurements'!$A$5:$A$418,"Men",'All measurements'!$B$5:$B$418,$A7,'All measurements'!$C$5:$C$418,G$4,'All measurements'!$D$5:$D$418,"chest")) -> 106.7 | H7: =IF(COUNTIFS('All measurements'!$A$5:$A$418,"Men",'All measurements'!$B$5:$B$418,$A7,'All measurements'!$C$5:$C$418,H$4,'All measurements'!$D$5:$D$418,"chest")=0,"",SUMIFS('All measurements'!$J$5:$J$418,'All measurements'!$A$5:$A$418,"Men",'All measurements'!$B$5:$B$418,$A7,'All measurements'!$C$5:$C$418,H$4,'All measurements'!$D$5:$D$418,"chest")) -> 114.3 | I7: =IF(COUNTIFS('All measurements'!$A$5:$A$418,"Men",'All measurements'!$B$5:$B$418,$A7,'All measurements'!$C$5:$C$418,I$4,'All measurements'!$D$5:$D$418,"chest")=0,"",SUMIFS('All measurements'!$J$5:$J$418,'All measurements'!$A$5:$A$418,"Men",'All measurements'!$B$5:$B$418,$A7,'All measurements'!$C$5:$C$418,I$4,'All measurements'!$D$5:$D$418,"chest")) -> 121.9 | J7: =IF(COUNTIFS('All measurements'!$A$5:$A$418,"Men",'All measurements'!$B$5:$B$418,$A7,'All measurements'!$C$5:$C$418,J$4,'All measurements'!$D$5:$D$418,"chest")=0,"",SUMIFS('All measurements'!$J$5:$J$418,'All measurements'!$A$5:$A$418,"Men",'All measurements'!$B$5:$B$418,$A7,'All measurements'!$C$5:$C$418,J$4,'All measurements'!$D$5:$D$418,"chest")) -> 129.5 | K7: =IF(COUNTIFS('All measurements'!$A$5:$A$418,"Men",'All measurements'!$B$5:$B$418,$A7,'All measurements'!$C$5:$C$418,K$4,'All measurements'!$D$5:$D$418,"chest")=0,"",SUMIFS('All measurements'!$J$5:$J$418,'All measurements'!$A$5:$A$418,"Men",'All measurements'!$B$5:$B$418,$A7,'All measurements'!$C$5:$C$418,K$4,'All measurements'!$D$5:$D$418,"chest"))
A8: Marks & Spencer | B8: Sourced | C8: =IF(COUNTIFS('All measurements'!$A$5:$A$418,"Men",'All measurements'!$B$5:$B$418,$A8,'All measurements'!$C$5:$C$418,C$4,'All measurements'!$D$5:$D$418,"chest")=0,"",SUMIFS('All measurements'!$J$5:$J$418,'All measurements'!$A$5:$A$418,"Men",'All measurements'!$B$5:$B$418,$A8,'All measurements'!$C$5:$C$418,C$4,'All measurements'!$D$5:$D$418,"chest")) | D8: =IF(COUNTIFS('All measurements'!$A$5:$A$418,"Men",'All measurements'!$B$5:$B$418,$A8,'All measurements'!$C$5:$C$418,D$4,'All measurements'!$D$5:$D$418,"chest")=0,"",SUMIFS('All measurements'!$J$5:$J$418,'All measurements'!$A$5:$A$418,"Men",'All measurements'!$B$5:$B$418,$A8,'All measurements'!$C$5:$C$418,D$4,'All measurements'!$D$5:$D$418,"chest")) -> 83.5 | E8: =IF(COUNTIFS('All measurements'!$A$5:$A$418,"Men",'All measurements'!$B$5:$B$418,$A8,'All measurements'!$C$5:$C$418,E$4,'All measurements'!$D$5:$D$418,"chest")=0,"",SUMIFS('All measurements'!$J$5:$J$418,'All measurements'!$A$5:$A$418,"Men",'All measurements'!$B$5:$B$418,$A8,'All measurements'!$C$5:$C$418,E$4,'All measurements'!$D$5:$D$418,"chest")) -> 90.5 | F8: =IF(COUNTIFS('All measurements'!$A$5:$A$418,"Men",'All measurements'!$B$5:$B$418,$A8,'All measurements'!$C$5:$C$418,F$4,'All measurements'!$D$5:$D$418,"chest")=0,"",SUMIFS('All measurements'!$J$5:$J$418,'All measurements'!$A$5:$A$418,"Men",'All measurements'!$B$5:$B$418,$A8,'All measurements'!$C$5:$C$418,F$4,'All measurements'!$D$5:$D$418,"chest")) -> 99.5 | G8: =IF(COUNTIFS('All measurements'!$A$5:$A$418,"Men",'All measurements'!$B$5:$B$418,$A8,'All measurements'!$C$5:$C$418,G$4,'All measurements'!$D$5:$D$418,"chest")=0,"",SUMIFS('All measurements'!$J$5:$J$418,'All measurements'!$A$5:$A$418,"Men",'All measurements'!$B$5:$B$418,$A8,'All measurements'!$C$5:$C$418,G$4,'All measurements'!$D$5:$D$418,"chest")) -> 106.5 | H8: =IF(COUNTIFS('All measurements'!$A$5:$A$418,"Men",'All measurements'!$B$5:$B$418,$A8,'All measurements'!$C$5:$C$418,H$4,'All measurements'!$D$5:$D$418,"chest")=0,"",SUMIFS('All measurements'!$J$5:$J$418,'All measurements'!$A$5:$A$418,"Men",'All measurements'!$B$5:$B$418,$A8,'All measurements'!$C$5:$C$418,H$4,'All measurements'!$D$5:$D$418,"chest")) -> 114.5 | I8: =IF(COUNTIFS('All measurements'!$A$5:$A$418,"Men",'All measurements'!$B$5:$B$418,$A8,'All measurements'!$C$5:$C$418,I$4,'All measurements'!$D$5:$D$418,"chest")=0,"",SUMIFS('All measurements'!$J$5:$J$418,'All measurements'!$A$5:$A$418,"Men",'All measurements'!$B$5:$B$418,$A8,'All measurements'!$C$5:$C$418,I$4,'All measurements'!$D$5:$D$418,"chest")) -> 122 | J8: =IF(COUNTIFS('All measurements'!$A$5:$A$418,"Men",'All measurements'!$B$5:$B$418,$A8,'All measurements'!$C$5:$C$418,J$4,'All measurements'!$D$5:$D$418,"chest")=0,"",SUMIFS('All measurements'!$J$5:$J$418,'All measurements'!$A$5:$A$418,"Men",'All measurements'!$B$5:$B$418,$A8,'All measurements'!$C$5:$C$418,J$4,'All measurements'!$D$5:$D$418,"chest")) -> 129 | K8: =IF(COUNTIFS('All measurements'!$A$5:$A$418,"Men",'All measurements'!$B$5:$B$418,$A8,'All measurements'!$C$5:$C$418,K$4,'All measurements'!$D$5:$D$418,"chest")=0,"",SUMIFS('All measurements'!$J$5:$J$418,'All measurements'!$A$5:$A$418,"Men",'All measurements'!$B$5:$B$418,$A8,'All measurements'!$C$5:$C$418,K$4,'All measurements'!$D$5:$D$418,"chest")) -> 134.5
A9: Max | B9: Sourced | C9: =IF(COUNTIFS('All measurements'!$A$5:$A$418,"Men",'All measurements'!$B$5:$B$418,$A9,'All measurements'!$C$5:$C$418,C$4,'All measurements'!$D$5:$D$418,"chest")=0,"",SUMIFS('All measurements'!$J$5:$J$418,'All measurements'!$A$5:$A$418,"Men",'All measurements'!$B$5:$B$418,$A9,'All measurements'!$C$5:$C$418,C$4,'All measurements'!$D$5:$D$418,"chest")) | D9: =IF(COUNTIFS('All measurements'!$A$5:$A$418,"Men",'All measurements'!$B$5:$B$418,$A9,'All measurements'!$C$5:$C$418,D$4,'All measurements'!$D$5:$D$418,"chest")=0,"",SUMIFS('All measurements'!$J$5:$J$418,'All measurements'!$A$5:$A$418,"Men",'All measurements'!$B$5:$B$418,$A9,'All measurements'!$C$5:$C$418,D$4,'All measurements'!$D$5:$D$418,"chest")) -> 86.4 | E9: =IF(COUNTIFS('All measurements'!$A$5:$A$418,"Men",'All measurements'!$B$5:$B$418,$A9,'All measurements'!$C$5:$C$418,E$4,'All measurements'!$D$5:$D$418,"chest")=0,"",SUMIFS('All measurements'!$J$5:$J$418,'All measurements'!$A$5:$A$418,"Men",'All measurements'!$B$5:$B$418,$A9,'All measurements'!$C$5:$C$418,E$4,'All measurements'!$D$5:$D$418,"chest")) -> 91.4 | F9: =IF(COUNTIFS('All measurements'!$A$5:$A$418,"Men",'All measurements'!$B$5:$B$418,$A9,'All measurements'!$C$5:$C$418,F$4,'All measurements'!$D$5:$D$418,"chest")=0,"",SUMIFS('All measurements'!$J$5:$J$418,'All measurements'!$A$5:$A$418,"Men",'All measurements'!$B$5:$B$418,$A9,'All measurements'!$C$5:$C$418,F$4,'All measurements'!$D$5:$D$418,"chest")) -> 96.5 | G9: =IF(COUNTIFS('All measurements'!$A$5:$A$418,"Men",'All measurements'!$B$5:$B$418,$A9,'All measurements'!$C$5:$C$418,G$4,'All measurements'!$D$5:$D$418,"chest")=0,"",SUMIFS('All measurements'!$J$5:$J$418,'All measurements'!$A$5:$A$418,"Men",'All measurements'!$B$5:$B$418,$A9,'All measurements'!$C$5:$C$418,G$4,'All measurements'!$D$5:$D$418,"chest")) -> 101.6 | H9: =IF(COUNTIFS('All measurements'!$A$5:$A$418,"Men",'All measurements'!$B$5:$B$418,$A9,'All measurements'!$C$5:$C$418,H$4,'All measurements'!$D$5:$D$418,"chest")=0,"",SUMIFS('All measurements'!$J$5:$J$418,'All measurements'!$A$5:$A$418,"Men",'All measurements'!$B$5:$B$418,$A9,'All measurements'!$C$5:$C$418,H$4,'All measurements'!$D$5:$D$418,"chest")) -> 106.7 | I9: =IF(COUNTIFS('All measurements'!$A$5:$A$418,"Men",'All measurements'!$B$5:$B$418,$A9,'All measurements'!$C$5:$C$418,I$4,'All measurements'!$D$5:$D$418,"chest")=0,"",SUMIFS('All measurements'!$J$5:$J$418,'All measurements'!$A$5:$A$418,"Men",'All measurements'!$B$5:$B$418,$A9,'All measurements'!$C$5:$C$418,I$4,'All measurements'!$D$5:$D$418,"chest")) -> 111.8 | J9: =IF(COUNTIFS('All measurements'!$A$5:$A$418,"Men",'All measurements'!$B$5:$B$418,$A9,'All measurements'!$C$5:$C$418,J$4,'All measurements'!$D$5:$D$418,"chest")=0,"",SUMIFS('All measurements'!$J$5:$J$418,'All measurements'!$A$5:$A$418,"Men",'All measurements'!$B$5:$B$418,$A9,'All measurements'!$C$5:$C$418,J$4,'All measurements'!$D$5:$D$418,"chest")) | K9: =IF(COUNTIFS('All measurements'!$A$5:$A$418,"Men",'All measurements'!$B$5:$B$418,$A9,'All measurements'!$C$5:$C$418,K$4,'All measurements'!$D$5:$D$418,"chest")=0,"",SUMIFS('All measurements'!$J$5:$J$418,'All measurements'!$A$5:$A$418,"Men",'All measurements'!$B$5:$B$418,$A9,'All measurements'!$C$5:$C$418,K$4,'All measurements'!$D$5:$D$418,"chest"))
A10: Nike | B10: Sourced | C10: =IF(COUNTIFS('All measurements'!$A$5:$A$418,"Men",'All measurements'!$B$5:$B$418,$A10,'All measurements'!$C$5:$C$418,C$4,'All measurements'!$D$5:$D$418,"chest")=0,"",SUMIFS('All measurements'!$J$5:$J$418,'All measurements'!$A$5:$A$418,"Men",'All measurements'!$B$5:$B$418,$A10,'All measurements'!$C$5:$C$418,C$4,'All measurements'!$D$5:$D$418,"chest")) -> 76 | D10: =IF(COUNTIFS('All measurements'!$A$5:$A$418,"Men",'All measurements'!$B$5:$B$418,$A10,'All measurements'!$C$5:$C$418,D$4,'All measurements'!$D$5:$D$418,"chest")=0,"",SUMIFS('All measurements'!$J$5:$J$418,'All measurements'!$A$5:$A$418,"Men",'All measurements'!$B$5:$B$418,$A10,'All measurements'!$C$5:$C$418,D$4,'All measurements'!$D$5:$D$418,"chest")) -> 84 | E10: =IF(COUNTIFS('All measurements'!$A$5:$A$418,"Men",'All measurements'!$B$5:$B$418,$A10,'All measurements'!$C$5:$C$418,E$4,'All measurements'!$D$5:$D$418,"chest")=0,"",SUMIFS('All measurements'!$J$5:$J$418,'All measurements'!$A$5:$A$418,"Men",'All measurements'!$B$5:$B$418,$A10,'All measurements'!$C$5:$C$418,E$4,'All measurements'!$D$5:$D$418,"chest")) -> 92 | F10: =IF(COUNTIFS('All measurements'!$A$5:$A$418,"Men",'All measurements'!$B$5:$B$418,$A10,'All measurements'!$C$5:$C$418,F$4,'All measurements'!$D$5:$D$418,"chest")=0,"",SUMIFS('All measurements'!$J$5:$J$418,'All measurements'!$A$5:$A$418,"Men",'All measurements'!$B$5:$B$418,$A10,'All measurements'!$C$5:$C$418,F$4,'All measurements'!$D$5:$D$418,"chest")) -> 100 | G10: =IF(COUNTIFS('All measurements'!$A$5:$A$418,"Men",'All measurements'!$B$5:$B$418,$A10,'All measurements'!$C$5:$C$418,G$4,'All measurements'!$D$5:$D$418,"chest")=0,"",SUMIFS('All measurements'!$J$5:$J$418,'All measurements'!$A$5:$A$418,"Men",'All measurements'!$B$5:$B$418,$A10,'All measurements'!$C$5:$C$418,G$4,'All measurements'!$D$5:$D$418,"chest")) -> 108 | H10: =IF(COUNTIFS('All measurements'!$A$5:$A$418,"Men",'All measurements'!$B$5:$B$418,$A10,'All measurements'!$C$5:$C$418,H$4,'All measurements'!$D$5:$D$418,"chest")=0,"",SUMIFS('All measurements'!$J$5:$J$418,'All measurements'!$A$5:$A$418,"Men",'All measurements'!$B$5:$B$418,$A10,'All measurements'!$C$5:$C$418,H$4,'All measurements'!$D$5:$D$418,"chest")) -> 118 | I10: =IF(COUNTIFS('All measurements'!$A$5:$A$418,"Men",'All measurements'!$B$5:$B$418,$A10,'All measurements'!$C$5:$C$418,I$4,'All measurements'!$D$5:$D$418,"chest")=0,"",SUMIFS('All measurements'!$J$5:$J$418,'All measurements'!$A$5:$A$418,"Men",'All measurements'!$B$5:$B$418,$A10,'All measurements'!$C$5:$C$418,I$4,'All measurements'!$D$5:$D$418,"chest")) -> 130 | J10: =IF(COUNTIFS('All measurements'!$A$5:$A$418,"Men",'All measurements'!$B$5:$B$418,$A10,'All measurements'!$C$5:$C$418,J$4,'All measurements'!$D$5:$D$418,"chest")=0,"",SUMIFS('All measurements'!$J$5:$J$418,'All measurements'!$A$5:$A$418,"Men",'All measurements'!$B$5:$B$418,$A10,'All measurements'!$C$5:$C$418,J$4,'All measurements'!$D$5:$D$418,"chest")) -> 142 | K10: =IF(COUNTIFS('All measurements'!$A$5:$A$418,"Men",'All measurements'!$B$5:$B$418,$A10,'All measurements'!$C$5:$C$418,K$4,'All measurements'!$D$5:$D$418,"chest")=0,"",SUMIFS('All measurements'!$J$5:$J$418,'All measurements'!$A$5:$A$418,"Men",'All measurements'!$B$5:$B$418,$A10,'All measurements'!$C$5:$C$418,K$4,'All measurements'!$D$5:$D$418,"chest")) -> 154
A11: Pantaloons | B11: Sourced | C11: =IF(COUNTIFS('All measurements'!$A$5:$A$418,"Men",'All measurements'!$B$5:$B$418,$A11,'All measurements'!$C$5:$C$418,C$4,'All measurements'!$D$5:$D$418,"chest")=0,"",SUMIFS('All measurements'!$J$5:$J$418,'All measurements'!$A$5:$A$418,"Men",'All measurements'!$B$5:$B$418,$A11,'All measurements'!$C$5:$C$418,C$4,'All measurements'!$D$5:$D$418,"chest")) | D11: =IF(COUNTIFS('All measurements'!$A$5:$A$418,"Men",'All measurements'!$B$5:$B$418,$A11,'All measurements'!$C$5:$C$418,D$4,'All measurements'!$D$5:$D$418,"chest")=0,"",SUMIFS('All measurements'!$J$5:$J$418,'All measurements'!$A$5:$A$418,"Men",'All measurements'!$B$5:$B$418,$A11,'All measurements'!$C$5:$C$418,D$4,'All measurements'!$D$5:$D$418,"chest")) -> 86.36 | E11: =IF(COUNTIFS('All measurements'!$A$5:$A$418,"Men",'All measurements'!$B$5:$B$418,$A11,'All measurements'!$C$5:$C$418,E$4,'All measurements'!$D$5:$D$418,"chest")=0,"",SUMIFS('All measurements'!$J$5:$J$418,'All measurements'!$A$5:$A$418,"Men",'All measurements'!$B$5:$B$418,$A11,'All measurements'!$C$5:$C$418,E$4,'All measurements'!$D$5:$D$418,"chest")) -> 91.44 | F11: =IF(COUNTIFS('All measurements'!$A$5:$A$418,"Men",'All measurements'!$B$5:$B$418,$A11,'All measurements'!$C$5:$C$418,F$4,'All measurements'!$D$5:$D$418,"chest")=0,"",SUMIFS('All measurements'!$J$5:$J$418,'All measurements'!$A$5:$A$418,"Men",'All measurements'!$B$5:$B$418,$A11,'All measurements'!$C$5:$C$418,F$4,'All measurements'!$D$5:$D$418,"chest")) -> 96.52 | G11: =IF(COUNTIFS('All measurements'!$A$5:$A$418,"Men",'All measurements'!$B$5:$B$418,$A11,'All measurements'!$C$5:$C$418,G$4,'All measurements'!$D$5:$D$418,"chest")=0,"",SUMIFS('All measurements'!$J$5:$J$418,'All measurements'!$A$5:$A$418,"Men",'All measurements'!$B$5:$B$418,$A11,'All measurements'!$C$5:$C$418,G$4,'All measurements'!$D$5:$D$418,"chest")) -> 101.6 | H11: =IF(COUNTIFS('All measurements'!$A$5:$A$418,"Men",'All measurements'!$B$5:$B$418,$A11,'All measurements'!$C$5:$C$418,H$4,'All measurements'!$D$5:$D$418,"chest")=0,"",SUMIFS('All measurements'!$J$5:$J$418,'All measurements'!$A$5:$A$418,"Men",'All measurements'!$B$5:$B$418,$A11,'All measurements'!$C$5:$C$418,H$4,'All measurements'!$D$5:$D$418,"chest")) -> 106.68 | I11: =IF(COUNTIFS('All measurements'!$A$5:$A$418,"Men",'All measurements'!$B$5:$B$418,$A11,'All measurements'!$C$5:$C$418,I$4,'All measurements'!$D$5:$D$418,"chest")=0,"",SUMIFS('All measurements'!$J$5:$J$418,'All measurements'!$A$5:$A$418,"Men",'All measurements'!$B$5:$B$418,$A11,'All measurements'!$C$5:$C$418,I$4,'All measurements'!$D$5:$D$418,"chest")) | J11: =IF(COUNTIFS('All measurements'!$A$5:$A$418,"Men",'All measurements'!$B$5:$B$418,$A11,'All measurements'!$C$5:$C$418,J$4,'All measurements'!$D$5:$D$418,"chest")=0,"",SUMIFS('All measurements'!$J$5:$J$418,'All measurements'!$A$5:$A$418,"Men",'All measurements'!$B$5:$B$418,$A11,'All measurements'!$C$5:$C$418,J$4,'All measurements'!$D$5:$D$418,"chest")) | K11: =IF(COUNTIFS('All measurements'!$A$5:$A$418,"Men",'All measurements'!$B$5:$B$418,$A11,'All measurements'!$C$5:$C$418,K$4,'All measurements'!$D$5:$D$418,"chest")=0,"",SUMIFS('All measurements'!$J$5:$J$418,'All measurements'!$A$5:$A$418,"Men",'All measurements'!$B$5:$B$418,$A11,'All measurements'!$C$5:$C$418,K$4,'All measurements'!$D$5:$D$418,"chest"))
A12: Red Tape | B12: Sourced | C12: =IF(COUNTIFS('All measurements'!$A$5:$A$418,"Men",'All measurements'!$B$5:$B$418,$A12,'All measurements'!$C$5:$C$418,C$4,'All measurements'!$D$5:$D$418,"chest")=0,"",SUMIFS('All measurements'!$J$5:$J$418,'All measurements'!$A$5:$A$418,"Men",'All measurements'!$B$5:$B$418,$A12,'All measurements'!$C$5:$C$418,C$4,'All measurements'!$D$5:$D$418,"chest")) | D12: =IF(COUNTIFS('All measurements'!$A$5:$A$418,"Men",'All measurements'!$B$5:$B$418,$A12,'All measurements'!$C$5:$C$418,D$4,'All measurements'!$D$5:$D$418,"chest")=0,"",SUMIFS('All measurements'!$J$5:$J$418,'All measurements'!$A$5:$A$418,"Men",'All measurements'!$B$5:$B$418,$A12,'All measurements'!$C$5:$C$418,D$4,'All measurements'!$D$5:$D$418,"chest")) | E12: =IF(COUNTIFS('All measurements'!$A$5:$A$418,"Men",'All measurements'!$B$5:$B$418,$A12,'All measurements'!$C$5:$C$418,E$4,'All measurements'!$D$5:$D$418,"chest")=0,"",SUMIFS('All measurements'!$J$5:$J$418,'All measurements'!$A$5:$A$418,"Men",'All measurements'!$B$5:$B$418,$A12,'All measurements'!$C$5:$C$418,E$4,'All measurements'!$D$5:$D$418,"chest")) -> 96.52 | F12: =IF(COUNTIFS('All measurements'!$A$5:$A$418,"Men",'All measurements'!$B$5:$B$418,$A12,'All measurements'!$C$5:$C$418,F$4,'All measurements'!$D$5:$D$418,"chest")=0,"",SUMIFS('All measurements'!$J$5:$J$418,'All measurements'!$A$5:$A$418,"Men",'All measurements'!$B$5:$B$418,$A12,'All measurements'!$C$5:$C$418,F$4,'All measurements'!$D$5:$D$418,"chest")) -> 101.6 | G12: =IF(COUNTIFS('All measurements'!$A$5:$A$418,"Men",'All measurements'!$B$5:$B$418,$A12,'All measurements'!$C$5:$C$418,G$4,'All measurements'!$D$5:$D$418,"chest")=0,"",SUMIFS('All measurements'!$J$5:$J$418,'All measurements'!$A$5:$A$418,"Men",'All measurements'!$B$5:$B$418,$A12,'All measurements'!$C$5:$C$418,G$4,'All measurements'!$D$5:$D$418,"chest")) -> 106.68 | H12: =IF(COUNTIFS('All measurements'!$A$5:$A$418,"Men",'All measurements'!$B$5:$B$418,$A12,'All measurements'!$C$5:$C$418,H$4,'All measurements'!$D$5:$D$418,"chest")=0,"",SUMIFS('All measurements'!$J$5:$J$418,'All measurements'!$A$5:$A$418,"Men",'All measurements'!$B$5:$B$418,$A12,'All measurements'!$C$5:$C$418,H$4,'All measurements'!$D$5:$D$418,"chest")) -> 111.76 | I12: =IF(COUNTIFS('All measurements'!$A$5:$A$418,"Men",'All measurements'!$B$5:$B$418,$A12,'All measurements'!$C$5:$C$418,I$4,'All measurements'!$D$5:$D$418,"chest")=0,"",SUMIFS('All measurements'!$J$5:$J$418,'All measurements'!$A$5:$A$418,"Men",'All measurements'!$B$5:$B$418,$A12,'All measurements'!$C$5:$C$418,I$4,'All measurements'!$D$5:$D$418,"chest")) -> 116.84 | J12: =IF(COUNTIFS('All measurements'!$A$5:$A$418,"Men",'All measurements'!$B$5:$B$418,$A12,'All measurements'!$C$5:$C$418,J$4,'All measurements'!$D$5:$D$418,"chest")=0,"",SUMIFS('All measurements'!$J$5:$J$418,'All measurements'!$A$5:$A$418,"Men",'All measurements'!$B$5:$B$418,$A12,'All measurements'!$C$5:$C$418,J$4,'All measurements'!$D$5:$D$418,"chest")) | K12: =IF(COUNTIFS('All measurements'!$A$5:$A$418,"Men",'All measurements'!$B$5:$B$418,$A12,'All measurements'!$C$5:$C$418,K$4,'All measurements'!$D$5:$D$418,"chest")=0,"",SUMIFS('All measurements'!$J$5:$J$418,'All measurements'!$A$5:$A$418,"Men",'All measurements'!$B$5:$B$418,$A12,'All measurements'!$C$5:$C$418,K$4,'All measurements'!$D$5:$D$418,"chest"))
A13: The Souled Store | B13: Sourced | C13: =IF(COUNTIFS('All measurements'!$A$5:$A$418,"Men",'All measurements'!$B$5:$B$418,$A13,'All measurements'!$C$5:$C$418,C$4,'All measurements'!$D$5:$D$418,"chest")=0,"",SUMIFS('All measurements'!$J$5:$J$418,'All measurements'!$A$5:$A$418,"Men",'All measurements'!$B$5:$B$418,$A13,'All measurements'!$C$5:$C$418,C$4,'All measurements'!$D$5:$D$418,"chest")) -> 86 | D13: =IF(COUNTIFS('All measurements'!$A$5:$A$418,"Men",'All measurements'!$B$5:$B$418,$A13,'All measurements'!$C$5:$C$418,D$4,'All measurements'!$D$5:$D$418,"chest")=0,"",SUMIFS('All measurements'!$J$5:$J$418,'All measurements'!$A$5:$A$418,"Men",'All measurements'!$B$5:$B$418,$A13,'All measurements'!$C$5:$C$418,D$4,'All measurements'!$D$5:$D$418,"chest")) -> 91 | E13: =IF(COUNTIFS('All measurements'!$A$5:$A$418,"Men",'All measurements'!$B$5:$B$418,$A13,'All measurements'!$C$5:$C$418,E$4,'All measurements'!$D$5:$D$418,"chest")=0,"",SUMIFS('All measurements'!$J$5:$J$418,'All measurements'!$A$5:$A$418,"Men",'All measurements'!$B$5:$B$418,$A13,'All measurements'!$C$5:$C$418,E$4,'All measurements'!$D$5:$D$418,"chest")) -> 97 | F13: =IF(COUNTIFS('All measurements'!$A$5:$A$418,"Men",'All measurements'!$B$5:$B$418,$A13,'All measurements'!$C$5:$C$418,F$4,'All measurements'!$D$5:$D$418,"chest")=0,"",SUMIFS('All measurements'!$J$5:$J$418,'All measurements'!$A$5:$A$418,"Men",'All measurements'!$B$5:$B$418,$A13,'All measurements'!$C$5:$C$418,F$4,'All measurements'!$D$5:$D$418,"chest")) -> 101 | G13: =IF(COUNTIFS('All measurements'!$A$5:$A$418,"Men",'All measurements'!$B$5:$B$418,$A13,'All measurements'!$C$5:$C$418,G$4,'All measurements'!$D$5:$D$418,"chest")=0,"",SUMIFS('All measurements'!$J$5:$J$418,'All measurements'!$A$5:$A$418,"Men",'All measurements'!$B$5:$B$418,$A13,'All measurements'!$C$5:$C$418,G$4,'All measurements'!$D$5:$D$418,"chest")) -> 107 | H13: =IF(COUNTIFS('All measurements'!$A$5:$A$418,"Men",'All measurements'!$B$5:$B$418,$A13,'All measurements'!$C$5:$C$418,H$4,'All measurements'!$D$5:$D$418,"chest")=0,"",SUMIFS('All measurements'!$J$5:$J$418,'All measurements'!$A$5:$A$418,"Men",'All measurements'!$B$5:$B$418,$A13,'All measurements'!$C$5:$C$418,H$4,'All measurements'!$D$5:$D$418,"chest")) -> 111 | I13: =IF(COUNTIFS('All measurements'!$A$5:$A$418,"Men",'All measurements'!$B$5:$B$418,$A13,'All measurements'!$C$5:$C$418,I$4,'All measurements'!$D$5:$D$418,"chest")=0,"",SUMIFS('All measurements'!$J$5:$J$418,'All measurements'!$A$5:$A$418,"Men",'All measurements'!$B$5:$B$418,$A13,'All measurements'!$C$5:$C$418,I$4,'All measurements'!$D$5:$D$418,"chest")) -> 117 | J13: =IF(COUNTIFS('All measurements'!$A$5:$A$418,"Men",'All measurements'!$B$5:$B$418,$A13,'All measurements'!$C$5:$C$418,J$4,'All measurements'!$D$5:$D$418,"chest")=0,"",SUMIFS('All measurements'!$J$5:$J$418,'All measurements'!$A$5:$A$418,"Men",'All measurements'!$B$5:$B$418,$A13,'All measurements'!$C$5:$C$418,J$4,'All measurements'!$D$5:$D$418,"chest")) -> 122 | K13: =IF(COUNTIFS('All measurements'!$A$5:$A$418,"Men",'All measurements'!$B$5:$B$418,$A13,'All measurements'!$C$5:$C$418,K$4,'All measurements'!$D$5:$D$418,"chest")=0,"",SUMIFS('All measurements'!$J$5:$J$418,'All measurements'!$A$5:$A$418,"Men",'All measurements'!$B$5:$B$418,$A13,'All measurements'!$C$5:$C$418,K$4,'All measurements'!$D$5:$D$418,"chest"))
A14: Uniqlo | B14: Sourced | C14: =IF(COUNTIFS('All measurements'!$A$5:$A$418,"Men",'All measurements'!$B$5:$B$418,$A14,'All measurements'!$C$5:$C$418,C$4,'All measurements'!$D$5:$D$418,"chest")=0,"",SUMIFS('All measurements'!$J$5:$J$418,'All measurements'!$A$5:$A$418,"Men",'All measurements'!$B$5:$B$418,$A14,'All measurements'!$C$5:$C$418,C$4,'All measurements'!$D$5:$D$418,"chest")) | D14: =IF(COUNTIFS('All measurements'!$A$5:$A$418,"Men",'All measurements'!$B$5:$B$418,$A14,'All measurements'!$C$5:$C$418,D$4,'All measurements'!$D$5:$D$418,"chest")=0,"",SUMIFS('All measurements'!$J$5:$J$418,'All measurements'!$A$5:$A$418,"Men",'All measurements'!$B$5:$B$418,$A14,'All measurements'!$C$5:$C$418,D$4,'All measurements'!$D$5:$D$418,"chest")) | E14: =IF(COUNTIFS('All measurements'!$A$5:$A$418,"Men",'All measurements'!$B$5:$B$418,$A14,'All measurements'!$C$5:$C$418,E$4,'All measurements'!$D$5:$D$418,"chest")=0,"",SUMIFS('All measurements'!$J$5:$J$418,'All measurements'!$A$5:$A$418,"Men",'All measurements'!$B$5:$B$418,$A14,'All measurements'!$C$5:$C$418,E$4,'All measurements'!$D$5:$D$418,"chest")) -> 84 | F14: =IF(COUNTIFS('All measurements'!$A$5:$A$418,"Men",'All measurements'!$B$5:$B$418,$A14,'All measurements'!$C$5:$C$418,F$4,'All measurements'!$D$5:$D$418,"chest")=0,"",SUMIFS('All measurements'!$J$5:$J$418,'All measurements'!$A$5:$A$418,"Men",'All measurements'!$B$5:$B$418,$A14,'All measurements'!$C$5:$C$418,F$4,'All measurements'!$D$5:$D$418,"chest")) -> 92 | G14: =IF(COUNTIFS('All measurements'!$A$5:$A$418,"Men",'All measurements'!$B$5:$B$418,$A14,'All measurements'!$C$5:$C$418,G$4,'All measurements'!$D$5:$D$418,"chest")=0,"",SUMIFS('All measurements'!$J$5:$J$418,'All measurements'!$A$5:$A$418,"Men",'All measurements'!$B$5:$B$418,$A14,'All measurements'!$C$5:$C$418,G$4,'All measurements'!$D$5:$D$418,"chest")) -> 100 | H14: =IF(COUNTIFS('All measurements'!$A$5:$A$418,"Men",'All measurements'!$B$5:$B$418,$A14,'All measurements'!$C$5:$C$418,H$4,'All measurements'!$D$5:$D$418,"chest")=0,"",SUMIFS('All measurements'!$J$5:$J$418,'All measurements'!$A$5:$A$418,"Men",'All measurements'!$B$5:$B$418,$A14,'All measurements'!$C$5:$C$418,H$4,'All measurements'!$D$5:$D$418,"chest")) -> 108 | I14: =IF(COUNTIFS('All measurements'!$A$5:$A$418,"Men",'All measurements'!$B$5:$B$418,$A14,'All measurements'!$C$5:$C$418,I$4,'All measurements'!$D$5:$D$418,"chest")=0,"",SUMIFS('All measurements'!$J$5:$J$418,'All measurements'!$A$5:$A$418,"Men",'All measurements'!$B$5:$B$418,$A14,'All measurements'!$C$5:$C$418,I$4,'All measurements'!$D$5:$D$418,"chest")) -> 116 | J14: =IF(COUNTIFS('All measurements'!$A$5:$A$418,"Men",'All measurements'!$B$5:$B$418,$A14,'All measurements'!$C$5:$C$418,J$4,'All measurements'!$D$5:$D$418,"chest")=0,"",SUMIFS('All measurements'!$J$5:$J$418,'All measurements'!$A$5:$A$418,"Men",'All measurements'!$B$5:$B$418,$A14,'All measurements'!$C$5:$C$418,J$4,'All measurements'!$D$5:$D$418,"chest")) -> 124 | K14: =IF(COUNTIFS('All measurements'!$A$5:$A$418,"Men",'All measurements'!$B$5:$B$418,$A14,'All measurements'!$C$5:$C$418,K$4,'All measurements'!$D$5:$D$418,"chest")=0,"",SUMIFS('All measurements'!$J$5:$J$418,'All measurements'!$A$5:$A$418,"Men",'All measurements'!$B$5:$B$418,$A14,'All measurements'!$C$5:$C$418,K$4,'All measurements'!$D$5:$D$418,"chest"))
A15: Westside | B15: Sourced | C15: =IF(COUNTIFS('All measurements'!$A$5:$A$418,"Men",'All measurements'!$B$5:$B$418,$A15,'All measurements'!$C$5:$C$418,C$4,'All measurements'!$D$5:$D$418,"chest")=0,"",SUMIFS('All measurements'!$J$5:$J$418,'All measurements'!$A$5:$A$418,"Men",'All measurements'!$B$5:$B$418,$A15,'All measurements'!$C$5:$C$418,C$4,'All measurements'!$D$5:$D$418,"chest")) | D15: =IF(COUNTIFS('All measurements'!$A$5:$A$418,"Men",'All measurements'!$B$5:$B$418,$A15,'All measurements'!$C$5:$C$418,D$4,'All measurements'!$D$5:$D$418,"chest")=0,"",SUMIFS('All measurements'!$J$5:$J$418,'All measurements'!$A$5:$A$418,"Men",'All measurements'!$B$5:$B$418,$A15,'All measurements'!$C$5:$C$418,D$4,'All measurements'!$D$5:$D$418,"chest")) -> 91 | E15: =IF(COUNTIFS('All measurements'!$A$5:$A$418,"Men",'All measurements'!$B$5:$B$418,$A15,'All measurements'!$C$5:$C$418,E$4,'All measurements'!$D$5:$D$418,"chest")=0,"",SUMIFS('All measurements'!$J$5:$J$418,'All measurements'!$A$5:$A$418,"Men",'All measurements'!$B$5:$B$418,$A15,'All measurements'!$C$5:$C$418,E$4,'All measurements'!$D$5:$D$418,"chest")) -> 96 | F15: =IF(COUNTIFS('All measurements'!$A$5:$A$418,"Men",'All measurements'!$B$5:$B$418,$A15,'All measurements'!$C$5:$C$418,F$4,'All measurements'!$D$5:$D$418,"chest")=0,"",SUMIFS('All measurements'!$J$5:$J$418,'All measurements'!$A$5:$A$418,"Men",'All measurements'!$B$5:$B$418,$A15,'All measurements'!$C$5:$C$418,F$4,'All measurements'!$D$5:$D$418,"chest")) -> 101 | G15: =IF(COUNTIFS('All measurements'!$A$5:$A$418,"Men",'All measurements'!$B$5:$B$418,$A15,'All measurements'!$C$5:$C$418,G$4,'All measurements'!$D$5:$D$418,"chest")=0,"",SUMIFS('All measurements'!$J$5:$J$418,'All measurements'!$A$5:$A$418,"Men",'All measurements'!$B$5:$B$418,$A15,'All measurements'!$C$5:$C$418,G$4,'All measurements'!$D$5:$D$418,"chest")) -> 106 | H15: =IF(COUNTIFS('All measurements'!$A$5:$A$418,"Men",'All measurements'!$B$5:$B$418,$A15,'All measurements'!$C$5:$C$418,H$4,'All measurements'!$D$5:$D$418,"chest")=0,"",SUMIFS('All measurements'!$J$5:$J$418,'All measurements'!$A$5:$A$418,"Men",'All measurements'!$B$5:$B$418,$A15,'All measurements'!$C$5:$C$418,H$4,'All measurements'!$D$5:$D$418,"chest")) -> 111 | I15: =IF(COUNTIFS('All measurements'!$A$5:$A$418,"Men",'All measurements'!$B$5:$B$418,$A15,'All measurements'!$C$5:$C$418,I$4,'All measurements'!$D$5:$D$418,"chest")=0,"",SUMIFS('All measurements'!$J$5:$J$418,'All measurements'!$A$5:$A$418,"Men",'All measurements'!$B$5:$B$418,$A15,'All measurements'!$C$5:$C$418,I$4,'All measurements'!$D$5:$D$418,"chest")) -> 116 | J15: =IF(COUNTIFS('All measurements'!$A$5:$A$418,"Men",'All measurements'!$B$5:$B$418,$A15,'All measurements'!$C$5:$C$418,J$4,'All measurements'!$D$5:$D$418,"chest")=0,"",SUMIFS('All measurements'!$J$5:$J$418,'All measurements'!$A$5:$A$418,"Men",'All measurements'!$B$5:$B$418,$A15,'All measurements'!$C$5:$C$418,J$4,'All measurements'!$D$5:$D$418,"chest")) -> 121 | K15: =IF(COUNTIFS('All measurements'!$A$5:$A$418,"Men",'All measurements'!$B$5:$B$418,$A15,'All measurements'!$C$5:$C$418,K$4,'All measurements'!$D$5:$D$418,"chest")=0,"",SUMIFS('All measurements'!$J$5:$J$418,'All measurements'!$A$5:$A$418,"Men",'All measurements'!$B$5:$B$418,$A15,'All measurements'!$C$5:$C$418,K$4,'All measurements'!$D$5:$D$418,"chest"))
A16: Zara | B16: Approximate | C16: =IF(COUNTIFS('All measurements'!$A$5:$A$418,"Men",'All measurements'!$B$5:$B$418,$A16,'All measurements'!$C$5:$C$418,C$4,'All measurements'!$D$5:$D$418,"chest")=0,"",SUMIFS('All measurements'!$J$5:$J$418,'All measurements'!$A$5:$A$418,"Men",'All measurements'!$B$5:$B$418,$A16,'All measurements'!$C$5:$C$418,C$4,'All measurements'!$D$5:$D$418,"chest")) | D16: =IF(COUNTIFS('All measurements'!$A$5:$A$418,"Men",'All measurements'!$B$5:$B$418,$A16,'All measurements'!$C$5:$C$418,D$4,'All measurements'!$D$5:$D$418,"chest")=0,"",SUMIFS('All measurements'!$J$5:$J$418,'All measurements'!$A$5:$A$418,"Men",'All measurements'!$B$5:$B$418,$A16,'All measurements'!$C$5:$C$418,D$4,'All measurements'!$D$5:$D$418,"chest")) | E16: =IF(COUNTIFS('All measurements'!$A$5:$A$418,"Men",'All measurements'!$B$5:$B$418,$A16,'All measurements'!$C$5:$C$418,E$4,'All measurements'!$D$5:$D$418,"chest")=0,"",SUMIFS('All measurements'!$J$5:$J$418,'All measurements'!$A$5:$A$418,"Men",'All measurements'!$B$5:$B$418,$A16,'All measurements'!$C$5:$C$418,E$4,'All measurements'!$D$5:$D$418,"chest")) -> 90 | F16: =IF(COUNTIFS('All measurements'!$A$5:$A$418,"Men",'All measurements'!$B$5:$B$418,$A16,'All measurements'!$C$5:$C$418,F$4,'All measurements'!$D$5:$D$418,"chest")=0,"",SUMIFS('All measurements'!$J$5:$J$418,'All measurements'!$A$5:$A$418,"Men",'All measurements'!$B$5:$B$418,$A16,'All measurements'!$C$5:$C$418,F$4,'All measurements'!$D$5:$D$418,"chest")) -> 96 | G16: =IF(COUNTIFS('All measurements'!$A$5:$A$418,"Men",'All measurements'!$B$5:$B$418,$A16,'All measurements'!$C$5:$C$418,G$4,'All measurements'!$D$5:$D$418,"chest")=0,"",SUMIFS('All measurements'!$J$5:$J$418,'All measurements'!$A$5:$A$418,"Men",'All measurements'!$B$5:$B$418,$A16,'All measurements'!$C$5:$C$418,G$4,'All measurements'!$D$5:$D$418,"chest")) -> 102 | H16: =IF(COUNTIFS('All measurements'!$A$5:$A$418,"Men",'All measurements'!$B$5:$B$418,$A16,'All measurements'!$C$5:$C$418,H$4,'All measurements'!$D$5:$D$418,"chest")=0,"",SUMIFS('All measurements'!$J$5:$J$418,'All measurements'!$A$5:$A$418,"Men",'All measurements'!$B$5:$B$418,$A16,'All measurements'!$C$5:$C$418,H$4,'All measurements'!$D$5:$D$418,"chest")) -> 108 | I16: =IF(COUNTIFS('All measurements'!$A$5:$A$418,"Men",'All measurements'!$B$5:$B$418,$A16,'All measurements'!$C$5:$C$418,I$4,'All measurements'!$D$5:$D$418,"chest")=0,"",SUMIFS('All measurements'!$J$5:$J$418,'All measurements'!$A$5:$A$418,"Men",'All measurements'!$B$5:$B$418,$A16,'All measurements'!$C$5:$C$418,I$4,'All measurements'!$D$5:$D$418,"chest")) -> 114 | J16: =IF(COUNTIFS('All measurements'!$A$5:$A$418,"Men",'All measurements'!$B$5:$B$418,$A16,'All measurements'!$C$5:$C$418,J$4,'All measurements'!$D$5:$D$418,"chest")=0,"",SUMIFS('All measurements'!$J$5:$J$418,'All measurements'!$A$5:$A$418,"Men",'All measurements'!$B$5:$B$418,$A16,'All measurements'!$C$5:$C$418,J$4,'All measurements'!$D$5:$D$418,"chest")) | K16: =IF(COUNTIFS('All measurements'!$A$5:$A$418,"Men",'All measurements'!$B$5:$B$418,$A16,'All measurements'!$C$5:$C$418,K$4,'All measurements'!$D$5:$D$418,"chest")=0,"",SUMIFS('All measurements'!$J$5:$J$418,'All measurements'!$A$5:$A$418,"Men",'All measurements'!$B$5:$B$418,$A16,'All measurements'!$C$5:$C$418,K$4,'All measurements'!$D$5:$D$418,"chest"))
A17: Zudio | B17: Placeholder | C17: =IF(COUNTIFS('All measurements'!$A$5:$A$418,"Men",'All measurements'!$B$5:$B$418,$A17,'All measurements'!$C$5:$C$418,C$4,'All measurements'!$D$5:$D$418,"chest")=0,"",SUMIFS('All measurements'!$J$5:$J$418,'All measurements'!$A$5:$A$418,"Men",'All measurements'!$B$5:$B$418,$A17,'All measurements'!$C$5:$C$418,C$4,'All measurements'!$D$5:$D$418,"chest")) | D17: =IF(COUNTIFS('All measurements'!$A$5:$A$418,"Men",'All measurements'!$B$5:$B$418,$A17,'All measurements'!$C$5:$C$418,D$4,'All measurements'!$D$5:$D$418,"chest")=0,"",SUMIFS('All measurements'!$J$5:$J$418,'All measurements'!$A$5:$A$418,"Men",'All measurements'!$B$5:$B$418,$A17,'All measurements'!$C$5:$C$418,D$4,'All measurements'!$D$5:$D$418,"chest")) -> 85.7 | E17: =IF(COUNTIFS('All measurements'!$A$5:$A$418,"Men",'All measurements'!$B$5:$B$418,$A17,'All measurements'!$C$5:$C$418,E$4,'All measurements'!$D$5:$D$418,"chest")=0,"",SUMIFS('All measurements'!$J$5:$J$418,'All measurements'!$A$5:$A$418,"Men",'All measurements'!$B$5:$B$418,$A17,'All measurements'!$C$5:$C$418,E$4,'All measurements'!$D$5:$D$418,"chest")) -> 92.1 | F17: =IF(COUNTIFS('All measurements'!$A$5:$A$418,"Men",'All measurements'!$B$5:$B$418,$A17,'All measurements'!$C$5:$C$418,F$4,'All measurements'!$D$5:$D$418,"chest")=0,"",SUMIFS('All measurements'!$J$5:$J$418,'All measurements'!$A$5:$A$418,"Men",'All measurements'!$B$5:$B$418,$A17,'All measurements'!$C$5:$C$418,F$4,'All measurements'!$D$5:$D$418,"chest")) -> 99 | G17: =IF(COUNTIFS('All measurements'!$A$5:$A$418,"Men",'All measurements'!$B$5:$B$418,$A17,'All measurements'!$C$5:$C$418,G$4,'All measurements'!$D$5:$D$418,"chest")=0,"",SUMIFS('All measurements'!$J$5:$J$418,'All measurements'!$A$5:$A$418,"Men",'All measurements'!$B$5:$B$418,$A17,'All measurements'!$C$5:$C$418,G$4,'All measurements'!$D$5:$D$418,"chest")) -> 106.1 | H17: =IF(COUNTIFS('All measurements'!$A$5:$A$418,"Men",'All measurements'!$B$5:$B$418,$A17,'All measurements'!$C$5:$C$418,H$4,'All measurements'!$D$5:$D$418,"chest")=0,"",SUMIFS('All measurements'!$J$5:$J$418,'All measurements'!$A$5:$A$418,"Men",'All measurements'!$B$5:$B$418,$A17,'All measurements'!$C$5:$C$418,H$4,'All measurements'!$D$5:$D$418,"chest")) -> 113.5 | I17: =IF(COUNTIFS('All measurements'!$A$5:$A$418,"Men",'All measurements'!$B$5:$B$418,$A17,'All measurements'!$C$5:$C$418,I$4,'All measurements'!$D$5:$D$418,"chest")=0,"",SUMIFS('All measurements'!$J$5:$J$418,'All measurements'!$A$5:$A$418,"Men",'All measurements'!$B$5:$B$418,$A17,'All measurements'!$C$5:$C$418,I$4,'All measurements'!$D$5:$D$418,"chest")) -> 121.6 | J17: =IF(COUNTIFS('All measurements'!$A$5:$A$418,"Men",'All measurements'!$B$5:$B$418,$A17,'All measurements'!$C$5:$C$418,J$4,'All measurements'!$D$5:$D$418,"chest")=0,"",SUMIFS('All measurements'!$J$5:$J$418,'All measurements'!$A$5:$A$418,"Men",'All measurements'!$B$5:$B$418,$A17,'All measurements'!$C$5:$C$418,J$4,'All measurements'!$D$5:$D$418,"chest")) -> 129.7 | K17: =IF(COUNTIFS('All measurements'!$A$5:$A$418,"Men",'All measurements'!$B$5:$B$418,$A17,'All measurements'!$C$5:$C$418,K$4,'All measurements'!$D$5:$D$418,"chest")=0,"",SUMIFS('All measurements'!$J$5:$J$418,'All measurements'!$A$5:$A$418,"Men",'All measurements'!$B$5:$B$418,$A17,'All measurements'!$C$5:$C$418,K$4,'All measurements'!$D$5:$D$418,"chest"))

Sheet Not used
A1: Charts that were transcribed but deliberately not used
A3: Gender | B3: Brand | C3: Chart | D3: Why not used
A4: Women | B4: Zara | C4: Slim printed tee, fitted tee (garment) | D4: Slim products convert to impossible body sizes (S bust 61–67 cm).
A5: Women | B5: Zara | C5: V-neck batwing top (garment) | D5: Grades 1 cm per size; not a regular cut.
A6: Men | B6: Zara | C6: Basic slim fit tee (garment) | D6: Converts to an M chest of 81 cm, below every real men's XS.
A7: Men | B7: Zara | C7: Senna long-sleeve (garment) | D7: Not needed once the relaxed interlock tee was chosen.
A8: Women | B8: Nike | C8: Jordan oversized tee chart | D8: Jordan label, wider chart than Nike Sportswear (M bust 90.2–96.5 vs 85.1–88.9).
A9: Women | B9: Max | C9: URB_N oversized chart | D9: Same numbers shifted a full size from the main Max label; main label used.
A10: Women | B10: Max | C10: 5XL and 6XL rows | D10: Beyond 4XL, the largest size the app offers.
A11: Women | B11: Marks & Spencer | C11: XXXL (UK 28–30) | D11: Bust row lists 132 for both UK 26 and 28; the top of the row looks shifted.
A12: Women | B12: Lulu & Sky | C12: M–2XL chart with sleeve and hem width | D12: Per-product garment chart.
A13: Women | B13: Uniqlo | C13: UNIQLO:C long-sleeve line | D13: Different product line, about 6 cm larger in bust; basic-tee line used.
A14: Men | B14: Uniqlo | C14: Archived 2021 US chart | D14: Replaced by the Uniqlo India chart (about 8 cm smaller at M).
... A20: Both | B20: Roadster, HRX | C20: Invented placeholders | D20: Removed in v8.
